state_p,county_p,city_p,stats_date,listings,resolved,bad_apns,mapped_properties,out_of_scope,may_be_duplicates_of_already_mapped,may_have_matching_zillow_listings,may_have_matching_license,outstanding_disputes,apns_with_unit_numbers_need_review,remaining_job_stats_ts,offline_on_review,no_match_found_1,no_match_found_2,no_match_found_3_or_more,suggest_qa,randomly_qa,completion,never_worked_on_yet
AK,fairbanks_north_star,_,2025-08-12,3039,28,0,22,0,27.0,0.0,0.0,0.0,0.0,2025-08-12 08:04:41.504,0.0,0.0,0.0,0.0,0.0,0.0,0.009213557091148404,3011.0
AK,kodiak_island,_,2025-08-12,480,12,0,3,1,0.0,0.0,0.0,0.0,0.0,2025-08-12 08:04:41.504,0.0,0.0,0.0,0.0,0.0,0.0,0.025,467.0
AK,skagway,_,2025-08-12,66,0,0,0,0,0.0,0.0,0.0,0.0,0.0,2025-08-12 08:04:41.504,0.0,0.0,0.0,0.0,0.0,0.0,0.0,66.0
AK,yakutat,_,2025-08-12,36,0,0,0,0,0.0,0.0,0.0,0.0,0.0,2025-08-12 08:04:41.504,0.0,0.0,0.0,0.0,0.0,0.0,0.0,36.0
AL,baldwin,_,2025-08-12,62489,21327,418,6176,109,3900.0,31.0,0.0,0.0,0.0,2025-08-12 08:04:41.504,0.0,0.0,0.0,0.0,1.0,0.0,0.3412920674038631,40635.0
AL,baldwin,city_of_gulf_shores,2025-08-12,27616,3156,369,889,81,740.0,3.0,0.0,0.0,0.0,2025-08-12 08:04:41.504,0.0,0.0,1.0,0.0,0.0,0.0,0.11428157589803013,24009.0
AL,baldwin,city_of_orange_beach,2025-08-12,26830,21667,418,6198,126,3710.0,1.0,0.0,0.0,2.0,2025-08-12 08:04:41.504,32.0,798.0,8.0,0.0,0.0,13.0,0.8075661572866194,3781.0
AL,jefferson,city_of_irondale,2025-08-12,130,109,0,61,40,0.0,0.0,0.0,0.0,0.0,2025-08-12 08:04:41.504,2.0,3.0,13.0,0.0,0.0,0.0,0.8384615384615385,0.0
AL,jefferson,city_of_leeds,2025-08-12,23,21,0,12,7,0.0,0.0,0.0,0.0,0.0,2025-08-12 08:04:41.504,0.0,0.0,0.0,0.0,0.0,0.0,0.9130434782608695,0.0
AL,jefferson,city_of_vestavia_hills,2025-08-12,369,307,0,107,86,0.0,0.0,0.0,0.0,0.0,2025-08-12 08:04:41.504,5.0,16.0,29.0,12.0,0.0,0.0,0.8319783197831978,0.0
AL,lee,city_of_auburn,2025-08-12,1610,1279,0,754,86,1.0,0.0,0.0,0.0,31.0,2025-08-12 08:04:41.504,41.0,96.0,73.0,110.0,0.0,1.0,0.7944099378881988,0.0
AL,mobile,town_of_dauphin_island,2025-08-12,3942,3636,0,879,2,112.0,0.0,0.0,0.0,11.0,2025-08-12 08:04:41.504,7.0,29.0,0.0,0.0,1.0,27.0,0.9223744292237442,268.0
AL,montgomery,city_of_montgomery,2025-08-12,2092,48,0,21,12,13.0,0.0,0.0,0.0,0.0,2025-08-12 08:04:41.504,0.0,4.0,0.0,0.0,0.0,7.0,0.022944550669216062,2028.0
AUS,new_south_wales,byron,2025-08-12,12049,0,0,0,0,0.0,0.0,0.0,0.0,0.0,2025-08-12 08:04:41.504,0.0,0.0,0.0,0.0,0.0,0.0,0.0,12049.0
AUS,queensland,brisbane,2025-08-12,22653,7872,116,3736,301,2904.0,0.0,0.0,0.0,0.0,2025-08-12 08:04:41.504,126.0,1083.0,481.0,71.0,0.0,0.0,0.3475036419017349,12603.0
AUS,south_australia,adelaide,2025-08-12,4707,2190,273,867,195,797.0,0.0,0.0,0.0,0.0,2025-08-12 08:04:41.504,0.0,75.0,211.0,1.0,0.0,0.0,0.46526449968132566,1762.0
AUS,south_australia,charles_sturt,2025-08-12,2077,10,52,6,0,7.0,0.0,0.0,0.0,0.0,2025-08-12 08:04:41.504,0.0,0.0,0.0,0.0,0.0,0.0,0.004814636494944632,2015.0
AUS,south_australia,marion,2025-08-12,1104,232,0,106,130,1.0,0.0,0.0,0.0,0.0,2025-08-12 08:04:41.504,0.0,145.0,0.0,0.0,0.0,0.0,0.21014492753623187,597.0
AUS,south_australia,unley,2025-08-12,926,434,60,253,214,0.0,0.0,0.0,0.0,0.0,2025-08-12 08:04:41.504,15.0,39.0,19.0,4.0,0.0,0.0,0.468682505399568,141.0
AUS,tasmania,hobart,2025-08-12,3951,2858,0,1027,195,14.0,0.0,0.0,0.0,0.0,2025-08-12 08:04:41.504,3.0,271.0,0.0,0.0,0.0,0.0,0.7233611743862314,624.0
AZ,coconino,_,2025-08-12,7481,6655,0,2432,1270,0.0,0.0,1.0,1.0,32.0,2025-08-12 08:04:41.504,67.0,120.0,291.0,45.0,1.0,0.0,0.8895869536158267,0.0
AZ,coconino,city_of_flagstaff,2025-08-12,7013,6358,0,1976,1685,12.0,0.0,2.0,2.0,22.0,2025-08-12 08:04:41.504,136.0,445.0,3.0,0.0,0.0,0.0,0.9066020248110651,0.0
AZ,gila,_,2025-08-12,2020,1474,0,533,192,1.0,0.0,0.0,0.0,0.0,2025-08-12 08:04:41.504,0.0,97.0,0.0,0.0,0.0,4.0,0.7297029702970297,257.0
AZ,la_paz,_,2025-08-12,943,600,0,178,89,13.0,4.0,0.0,0.0,0.0,2025-08-12 08:04:41.504,0.0,0.0,0.0,0.0,0.0,0.0,0.6362672322375398,254.0
AZ,maricopa,_,2025-08-12,30494,27512,0,11132,2475,32.0,136.0,0.0,0.0,0.0,2025-08-12 08:04:41.504,363.0,625.0,557.0,16.0,1.0,0.0,0.9022102708729586,0.0
AZ,maricopa,city_of_avondale,2025-08-12,2158,2000,0,811,77,0.0,4.0,0.0,0.0,5.0,2025-08-12 08:04:41.504,25.0,43.0,51.0,3.0,0.0,1.0,0.9267840593141798,0.0
AZ,maricopa,city_of_buckeye,2025-08-12,875,719,0,421,43,2.0,6.0,0.0,0.0,0.0,2025-08-12 08:04:41.504,12.0,87.0,13.0,0.0,0.0,0.0,0.8217142857142857,1.0
AZ,maricopa,city_of_goodyear,2025-08-12,2686,2507,0,1120,212,2.0,4.0,1.0,0.0,8.0,2025-08-12 08:04:41.504,18.0,97.0,10.0,1.0,0.0,0.0,0.9333581533879375,0.0
AZ,maricopa,city_of_litchfield_park,2025-08-12,559,540,0,270,15,0.0,0.0,0.0,0.0,2.0,2025-08-12 08:04:41.504,2.0,1.0,7.0,5.0,0.0,0.0,0.9660107334525939,0.0
AZ,maricopa,city_of_mesa,2025-08-12,9049,4994,0,1794,346,55.0,266.0,0.0,0.0,0.0,2025-08-12 08:04:41.504,0.0,0.0,0.0,0.0,0.0,0.0,0.5518841860979113,3709.0
AZ,maricopa,city_of_phoenix,2025-08-12,47864,40588,0,13570,4148,241.0,473.0,0.0,0.0,0.0,2025-08-12 08:04:41.504,194.0,1586.0,337.0,11.0,1.0,0.0,0.8479859602206251,1000.0
AZ,maricopa,city_of_scottsdale,2025-08-12,30914,27268,0,8552,3801,22.0,247.0,45.0,2.0,10.0,2025-08-12 08:04:41.504,143.0,1314.0,296.0,22.0,2.0,2.0,0.8820599081322378,0.0
AZ,maricopa,city_of_surprise,2025-08-12,2628,2383,0,1248,29,1.0,7.0,1.0,0.0,0.0,2025-08-12 08:04:41.504,42.0,53.0,99.0,7.0,0.0,0.0,0.9067732115677322,15.0
AZ,maricopa,city_of_tempe,2025-08-12,10130,8758,0,2532,820,6.0,82.0,11.0,0.0,30.0,2025-08-12 08:04:41.504,35.0,362.0,112.0,2.0,0.0,0.0,0.8645607107601184,41.0
AZ,maricopa,town_of_carefree,2025-08-12,469,424,0,194,50,7.0,7.0,0.0,0.0,0.0,2025-08-12 08:04:41.504,5.0,16.0,8.0,2.0,0.0,0.0,0.9040511727078892,0.0
AZ,maricopa,town_of_cave_creek,2025-08-12,661,531,0,174,128,7.0,4.0,1.0,0.0,2.0,2025-08-12 08:04:41.504,0.0,18.0,0.0,0.0,0.0,5.0,0.8033282904689864,0.0
AZ,maricopa,town_of_fountain_hills,2025-08-12,1307,1141,0,488,27,1.0,4.0,0.0,0.0,27.0,2025-08-12 08:04:41.504,13.0,58.0,0.0,0.0,0.0,0.0,0.872991583779648,68.0
AZ,maricopa,town_of_gilbert,2025-08-12,4592,3425,0,1401,251,49.0,117.0,0.0,0.0,0.0,2025-08-12 08:04:41.504,0.0,53.0,0.0,0.0,0.0,0.0,0.7458623693379791,863.0
AZ,maricopa,town_of_paradise_valley,2025-08-12,3215,2777,0,927,538,6.0,45.0,0.0,0.0,0.0,2025-08-12 08:04:41.504,0.0,0.0,0.0,0.0,0.0,0.0,0.8637636080870917,0.0
AZ,maricopa,town_of_queen_creek,2025-08-12,868,776,0,418,48,0.0,0.0,0.0,0.0,2.0,2025-08-12 08:04:41.504,6.0,54.0,16.0,4.0,0.0,0.0,0.8940092165898618,0.0
AZ,mohave,city_of_lake_havasu_city,2025-08-12,7003,716,0,209,2,76.0,6.0,132.0,0.0,4.0,2025-08-12 08:04:41.504,0.0,2.0,0.0,0.0,0.0,0.0,0.10224189633014423,6283.0
AZ,navajo,city_of_show_low,2025-08-12,1737,1628,0,617,38,0.0,0.0,0.0,0.0,2.0,2025-08-12 08:04:41.504,19.0,28.0,50.0,1.0,0.0,0.0,0.9372481289579735,0.0
AZ,navajo,town_of_pinetop_lakeside,2025-08-12,2384,1906,0,452,519,25.0,0.0,0.0,0.0,6.0,2025-08-12 08:04:41.504,0.0,59.0,34.0,0.0,0.0,0.0,0.799496644295302,0.0
AZ,pima,town_of_marana,2025-08-12,972,21,0,10,0,2.0,140.0,0.0,0.0,0.0,2025-08-12 08:04:41.504,0.0,0.0,0.0,0.0,0.0,0.0,0.021604938271604937,951.0
AZ,pima,town_of_oro_valley,2025-08-12,2045,1037,0,342,246,442.0,321.0,15.0,0.0,13.0,2025-08-12 08:04:41.504,2.0,1.0,0.0,0.0,0.0,0.0,0.5070904645476773,759.0
AZ,pinal,city_of_casa_grande,2025-08-12,751,579,5,242,30,1.0,0.0,0.0,0.0,4.0,2025-08-12 08:04:41.504,9.0,53.0,0.0,0.0,1.0,3.0,0.7709720372836218,75.0
AZ,yavapai,_,2025-08-12,8122,159,0,62,48,53.0,3.0,0.0,0.0,0.0,2025-08-12 08:04:41.504,0.0,0.0,0.0,0.0,0.0,0.0,0.019576459000246245,7915.0
AZ,yavapai,city_of_prescott,2025-08-12,2557,20,0,12,0,4.0,0.0,0.0,0.0,0.0,2025-08-12 08:04:41.504,0.0,0.0,0.0,0.0,0.0,0.0,0.007821666014861166,2537.0
CA,alameda,city_of_fremont,2025-08-12,2762,2016,0,660,217,11.0,17.0,0.0,0.0,10.0,2025-08-12 08:04:41.504,3.0,137.0,49.0,0.0,0.0,0.0,0.7299058653149891,340.0
CA,butte,city_of_chico,2025-08-12,1622,1478,0,671,94,0.0,3.0,0.0,0.0,8.0,2025-08-12 08:04:41.504,8.0,85.0,25.0,11.0,0.0,1.0,0.9112207151664612,0.0
CA,calaveras,_,2025-08-12,3705,3487,0,1407,190,1.0,3.0,1.0,0.0,105.0,2025-08-12 08:04:41.504,52.0,56.0,77.0,0.0,0.0,0.0,0.9411605937921728,0.0
CA,contra_costa,city_of_pinole,2025-08-12,218,25,0,12,0,1.0,48.0,0.0,0.0,0.0,2025-08-12 08:04:41.504,0.0,0.0,0.0,0.0,0.0,0.0,0.11467889908256881,193.0
CA,contra_costa,city_of_san_ramon,2025-08-12,433,344,0,144,94,0.0,1.0,0.0,0.0,0.0,2025-08-12 08:04:41.504,7.0,16.0,59.0,0.0,0.0,0.0,0.7944572748267898,0.0
CA,contra_costa,city_of_walnut_creek,2025-08-12,1072,806,0,359,134,0.0,1.0,0.0,0.0,0.0,2025-08-12 08:04:41.504,6.0,169.0,35.0,0.0,0.0,0.0,0.7518656716417911,0.0
CA,del_norte,_,2025-08-12,1374,1272,0,488,224,1.0,0.0,0.0,0.0,11.0,2025-08-12 08:04:41.504,6.0,57.0,10.0,0.0,0.0,0.0,0.925764192139738,0.0
CA,drm,_,2025-08-12,1472,1422,0,335,312,0.0,0.0,0.0,0.0,0.0,2025-08-12 08:04:41.504,12.0,2.0,0.0,0.0,0.0,0.0,0.9660326086956522,0.0
CA,el_dorado,_,2025-08-12,13958,13365,0,3555,4476,16.0,3.0,0.0,0.0,4.0,2025-08-12 08:04:41.504,140.0,176.0,128.0,0.0,0.0,0.0,0.9575154033529159,0.0
CA,el_dorado,city_of_south_lake_tahoe,2025-08-12,9903,9528,0,2040,4530,14.0,0.0,16.0,0.0,2.0,2025-08-12 08:04:41.504,76.0,53.0,30.0,0.0,0.0,0.0,0.9621326870645259,0.0
CA,fresno,city_of_clovis,2025-08-12,1088,975,0,473,93,0.0,0.0,0.0,0.0,0.0,2025-08-12 08:04:41.504,6.0,37.0,37.0,0.0,0.0,0.0,0.8961397058823529,0.0
CA,fresno,city_of_fresno,2025-08-12,3573,3037,0,1394,252,20.0,60.0,0.0,0.0,15.0,2025-08-12 08:04:41.504,19.0,309.0,97.0,4.0,0.0,0.0,0.8499860061572908,0.0
CA,humboldt,_,2025-08-12,3661,3108,0,1122,423,1.0,5.0,0.0,0.0,8.0,2025-08-12 08:04:41.504,58.0,405.0,30.0,0.0,0.0,1.0,0.8489483747609943,0.0
CA,humboldt,city_of_arcata,2025-08-12,748,581,0,230,18,1.0,38.0,0.0,0.0,41.0,2025-08-12 08:04:41.504,0.0,0.0,0.0,0.0,0.0,0.0,0.7767379679144385,149.0
CA,humboldt,city_of_eureka,2025-08-12,800,576,0,231,73,7.0,40.0,0.0,0.0,0.0,2025-08-12 08:04:41.504,0.0,0.0,0.0,0.0,0.0,0.0,0.72,151.0
CA,humboldt,city_of_trinidad,2025-08-12,172,160,0,50,16,0.0,0.0,0.0,0.0,2.0,2025-08-12 08:04:41.504,1.0,3.0,0.0,0.0,0.0,0.0,0.9302325581395349,0.0
CA,kern,_,2025-08-12,4241,3737,0,1648,646,15.0,2.0,0.0,0.0,43.0,2025-08-12 08:04:41.504,33.0,350.0,83.0,10.0,0.0,2.0,0.8811601037491158,0.0
CA,kern,city_of_bakersfield,2025-08-12,2567,2030,0,966,204,48.0,6.0,0.0,0.0,0.0,2025-08-12 08:04:41.504,0.0,0.0,0.0,0.0,0.0,0.0,0.7908063887806779,333.0
CA,kern,city_of_ridgecrest,2025-08-12,363,329,0,152,70,0.0,0.0,0.0,0.0,0.0,2025-08-12 08:04:41.504,3.0,9.0,11.0,0.0,0.0,1.0,0.90633608815427,0.0
CA,lake,_,2025-08-12,2146,2015,0,696,611,3.0,8.0,0.0,0.0,21.0,2025-08-12 08:04:41.504,14.0,83.0,0.0,0.0,0.0,5.0,0.9389561975768872,0.0
CA,lake,city_of_clearlake,2025-08-12,247,233,0,97,75,0.0,0.0,0.0,0.0,0.0,2025-08-12 08:04:41.504,3.0,6.0,0.0,2.0,0.0,0.0,0.9433198380566802,0.0
CA,lake,city_of_lakeport,2025-08-12,129,127,0,46,11,0.0,0.0,0.0,0.0,0.0,2025-08-12 08:04:41.504,2.0,1.0,0.0,0.0,0.0,0.0,0.9844961240310077,0.0
CA,los_angeles,city_of_artesia,2025-08-12,147,88,0,34,11,2.0,0.0,0.0,0.0,0.0,2025-08-12 08:04:41.504,0.0,15.0,0.0,0.0,0.0,0.0,0.5986394557823129,33.0
CA,los_angeles,city_of_baldwin_park,2025-08-12,507,179,0,39,2,35.0,58.0,0.0,0.0,0.0,2025-08-12 08:04:41.504,0.0,0.0,0.0,0.0,0.0,0.0,0.3530571992110454,326.0
CA,los_angeles,city_of_beverly_hills,2025-08-12,11059,8465,0,1383,2381,7.0,19.0,0.0,0.0,0.0,2025-08-12 08:04:41.504,93.0,920.0,223.0,22.0,1.0,0.0,0.7654399131928746,0.0
CA,los_angeles,city_of_calabasas,2025-08-12,534,386,0,208,52,0.0,1.0,0.0,0.0,0.0,2025-08-12 08:04:41.504,12.0,25.0,94.0,8.0,0.0,0.0,0.7228464419475655,0.0
CA,los_angeles,city_of_claremont,2025-08-12,439,356,0,162,27,0.0,0.0,0.0,0.0,2.0,2025-08-12 08:04:41.504,0.0,39.0,7.0,0.0,0.0,0.0,0.8109339407744874,10.0
CA,los_angeles,city_of_diamond_bar,2025-08-12,724,484,0,185,44,0.0,3.0,0.0,0.0,0.0,2025-08-12 08:04:41.504,0.0,26.0,11.0,4.0,0.0,0.0,0.6685082872928176,155.0
CA,los_angeles,city_of_downey,2025-08-12,539,16,0,10,1,3.0,95.0,0.0,0.0,0.0,2025-08-12 08:04:41.504,0.0,2.0,0.0,0.0,0.0,0.0,0.029684601113172542,520.0
CA,los_angeles,city_of_gardena,2025-08-12,772,625,0,242,126,0.0,0.0,1.0,0.0,0.0,2025-08-12 08:04:41.504,6.0,37.0,25.0,31.0,0.0,0.0,0.8095854922279793,0.0
CA,los_angeles,city_of_glendale,2025-08-12,4294,3068,0,960,174,13.0,14.0,2.0,0.0,22.0,2025-08-12 08:04:41.504,60.0,824.0,200.0,0.0,0.0,0.0,0.7144853283651607,0.0
CA,los_angeles,city_of_glendora,2025-08-12,468,368,0,144,43,1.0,1.0,0.0,0.0,0.0,2025-08-12 08:04:41.504,3.0,79.0,5.0,0.0,0.0,0.0,0.7863247863247863,0.0
CA,los_angeles,city_of_hawthorne,2025-08-12,1662,218,0,88,18,13.0,339.0,0.0,0.0,0.0,2025-08-12 08:04:41.504,0.0,0.0,0.0,0.0,0.0,0.0,0.13116726835138387,1426.0
CA,los_angeles,city_of_long_beach,2025-08-12,6952,2921,0,998,401,30.0,2239.0,731.0,0.0,282.0,2025-08-12 08:04:41.504,0.0,55.0,0.0,0.0,1.0,0.0,0.42016685845799767,3575.0
CA,los_angeles,city_of_los_angeles,2025-08-12,110113,15912,5,3430,1466,3193.0,39209.0,14862.0,0.0,71.0,2025-08-12 08:04:41.504,0.0,32.0,0.0,0.0,15.0,1.0,0.14450609828085695,92698.0
CA,los_angeles,city_of_manhattan_beach,2025-08-12,1597,151,0,97,12,15.0,629.0,0.0,0.0,0.0,2025-08-12 08:04:41.504,0.0,0.0,0.0,0.0,1.0,0.0,0.09455228553537884,1434.0
CA,los_angeles,city_of_monterey_park,2025-08-12,2060,1443,0,339,277,1.0,46.0,0.0,0.0,0.0,2025-08-12 08:04:41.504,12.0,377.0,51.0,19.0,0.0,3.0,0.7004854368932039,0.0
CA,los_angeles,city_of_pasadena,2025-08-12,3173,2591,0,958,230,27.0,95.0,6.0,0.0,13.0,2025-08-12 08:04:41.504,40.0,187.0,216.0,6.0,0.0,0.0,0.8165773715726442,0.0
CA,los_angeles,city_of_pomona,2025-08-12,893,650,0,281,97,1.0,14.0,0.0,0.0,0.0,2025-08-12 08:04:41.504,9.0,162.0,12.0,1.0,0.0,0.0,0.7278835386338186,0.0
CA,los_angeles,city_of_rancho_palos_verdes,2025-08-12,480,385,0,146,115,0.0,0.0,0.0,0.0,0.0,2025-08-12 08:04:41.504,13.0,53.0,7.0,7.0,0.0,0.0,0.8020833333333334,0.0
CA,los_angeles,city_of_redondo_beach,2025-08-12,2312,1697,2,724,119,4.0,33.0,0.0,0.0,0.0,2025-08-12 08:04:41.504,71.0,523.0,0.0,0.0,0.0,0.0,0.7339965397923875,0.0
CA,los_angeles,city_of_whittier,2025-08-12,541,47,0,20,0,8.0,109.0,0.0,0.0,0.0,2025-08-12 08:04:41.504,0.0,0.0,0.0,0.0,0.0,0.0,0.08687615526802218,494.0
CA,madera,_,2025-08-12,5856,5307,0,1597,469,2.0,23.0,0.0,0.0,38.0,2025-08-12 08:04:41.504,83.0,178.0,49.0,3.0,2.0,0.0,0.90625,0.0
CA,madera,city_of_madera,2025-08-12,167,133,0,49,33,2.0,2.0,0.0,0.0,0.0,2025-08-12 08:04:41.504,0.0,2.0,11.0,0.0,0.0,0.0,0.7964071856287425,0.0
CA,marin,_,2025-08-12,4908,1549,1,869,114,10.0,154.0,0.0,0.0,0.0,2025-08-12 08:04:41.504,0.0,1.0,0.0,0.0,4.0,0.0,0.3156071719641402,3243.0
CA,marin,city_of_novato,2025-08-12,392,329,0,198,27,1.0,0.0,0.0,0.0,0.0,2025-08-12 08:04:41.504,5.0,5.0,45.0,1.0,0.0,0.0,0.8392857142857143,0.0
CA,marin,city_of_san_rafael,2025-08-12,1067,865,0,401,85,0.0,0.0,0.0,0.0,11.0,2025-08-12 08:04:41.504,25.0,123.0,38.0,0.0,0.0,0.0,0.8106841611996252,0.0
CA,marin,town_of_corte_madera,2025-08-12,295,227,0,137,61,0.0,0.0,0.0,0.0,1.0,2025-08-12 08:04:41.504,10.0,10.0,25.0,0.0,0.0,0.0,0.7694915254237288,0.0
CA,marin,town_of_fairfax,2025-08-12,374,315,0,214,4,0.0,0.0,0.0,0.0,10.0,2025-08-12 08:04:41.504,4.0,18.0,21.0,15.0,0.0,0.0,0.8422459893048129,0.0
CA,mariposa,_,2025-08-12,3572,3445,0,938,167,0.0,3.0,0.0,0.0,41.0,2025-08-12 08:04:41.504,31.0,18.0,50.0,2.0,0.0,3.0,0.9644456886898096,0.0
CA,mendocino,city_of_ukiah,2025-08-12,184,142,0,66,40,4.0,0.0,0.0,0.0,0.0,2025-08-12 08:04:41.504,0.0,26.0,8.0,0.0,0.0,0.0,0.7717391304347826,0.0
CA,mono,_,2025-08-12,688,654,0,193,297,1.0,0.0,0.0,0.0,3.0,2025-08-12 08:04:41.504,72.0,64.0,2.0,8.0,0.0,0.0,0.9505813953488372,0.0
CA,mono,town_of_mammoth_lakes,2025-08-12,13278,12864,0,3462,177,25.0,14.0,31.0,0.0,2180.0,2025-08-12 08:04:41.504,19.0,243.0,17.0,1.0,0.0,5.0,0.9688206055128784,0.0
CA,monterey,_,2025-08-12,5642,4943,1,1897,1119,3.0,1.0,10.0,0.0,26.0,2025-08-12 08:04:41.504,76.0,175.0,435.0,8.0,2.0,4.0,0.8761077632045374,0.0
CA,monterey,city_of_carmel_by_the_sea,2025-08-12,1264,1002,0,421,166,1.0,0.0,0.0,0.0,0.0,2025-08-12 08:04:41.504,0.0,0.0,0.0,0.0,0.0,0.0,0.7927215189873418,96.0
CA,monterey,city_of_marina,2025-08-12,455,412,0,105,188,1.0,0.0,0.0,0.0,0.0,2025-08-12 08:04:41.504,2.0,10.0,5.0,0.0,0.0,0.0,0.9054945054945055,0.0
CA,monterey,city_of_monterey,2025-08-12,1573,1426,0,481,707,0.0,0.0,0.0,0.0,0.0,2025-08-12 08:04:41.504,15.0,34.0,18.0,5.0,0.0,0.0,0.9065479974570884,0.0
CA,monterey,city_of_pacific_grove,2025-08-12,1143,1087,0,463,244,0.0,1.0,1.0,0.0,14.0,2025-08-12 08:04:41.504,17.0,3.0,0.0,31.0,0.0,0.0,0.9510061242344707,0.0
CA,monterey,city_of_seaside,2025-08-12,1174,1031,1,275,287,1.0,1.0,0.0,0.0,0.0,2025-08-12 08:04:41.504,3.0,21.0,0.0,0.0,0.0,0.0,0.8781942078364565,0.0
CA,napa,city_of_calistoga,2025-08-12,293,137,2,33,103,7.0,28.0,0.0,0.0,0.0,2025-08-12 08:04:41.504,0.0,1.0,0.0,0.0,4.0,0.0,0.46757679180887374,50.0
CA,nevada,_,2025-08-12,4331,3778,0,1818,268,2.0,6.0,6.0,0.0,5.0,2025-08-12 08:04:41.504,148.0,212.0,327.0,9.0,0.0,2.0,0.8723158623874394,0.0
CA,nevada,city_of_grass_valley,2025-08-12,431,382,0,194,31,0.0,1.0,0.0,0.0,1.0,2025-08-12 08:04:41.504,3.0,7.0,4.0,0.0,0.0,0.0,0.8863109048723898,4.0
CA,nevada,city_of_nevada_city,2025-08-12,452,406,0,182,106,0.0,0.0,0.0,0.0,6.0,2025-08-12 08:04:41.504,4.0,5.0,12.0,8.0,0.0,0.0,0.8982300884955752,0.0
CA,orange,_,2025-08-12,50223,23052,3,5955,4312,735.0,7776.0,0.0,0.0,0.0,2025-08-12 08:04:41.504,1.0,149.0,3.0,1.0,22.0,1.0,0.4589928917030046,22702.0
CA,orange,city_of_anaheim,2025-08-12,8313,4143,0,767,1877,222.0,1047.0,0.0,0.0,0.0,2025-08-12 08:04:41.504,0.0,74.0,0.0,0.0,0.0,0.0,0.49837603753157705,2219.0
CA,orange,city_of_buena_park,2025-08-12,655,488,0,178,130,1.0,0.0,0.0,0.0,1.0,2025-08-12 08:04:41.504,9.0,116.0,23.0,0.0,0.0,0.0,0.7450381679389313,0.0
CA,orange,city_of_dana_point,2025-08-12,2203,1507,0,522,285,1.0,380.0,7.0,1.0,19.0,2025-08-12 08:04:41.504,8.0,121.0,0.0,0.0,0.0,2.0,0.6840671811166591,282.0
CA,orange,city_of_fullerton,2025-08-12,2058,1058,0,299,55,81.0,751.0,8.0,0.0,6.0,2025-08-12 08:04:41.504,1.0,106.0,0.0,0.0,3.0,0.0,0.5140913508260447,838.0
CA,orange,city_of_garden_grove,2025-08-12,3592,2219,0,621,387,1.0,21.0,0.0,0.0,0.0,2025-08-12 08:04:41.504,40.0,995.0,63.0,3.0,0.0,1.0,0.6177616926503341,0.0
CA,orange,city_of_huntington_beach,2025-08-12,3942,2403,0,809,118,8.0,52.0,141.0,0.0,19.0,2025-08-12 08:04:41.504,6.0,223.0,23.0,0.0,0.0,1.0,0.6095890410958904,1169.0
CA,orange,city_of_irvine,2025-08-12,5803,3176,0,830,381,0.0,32.0,0.0,0.0,0.0,2025-08-12 08:04:41.504,7.0,517.0,318.0,9.0,0.0,4.0,0.5473031190763398,1395.0
CA,orange,city_of_laguna_hills,2025-08-12,817,656,0,219,170,1.0,3.0,0.0,0.0,0.0,2025-08-12 08:04:41.504,3.0,54.0,67.0,0.0,0.0,0.0,0.802937576499388,0.0
CA,orange,city_of_mission_viejo,2025-08-12,951,738,0,301,44,0.0,0.0,0.0,0.0,2.0,2025-08-12 08:04:41.504,48.0,48.0,84.0,7.0,0.0,0.0,0.7760252365930599,0.0
CA,orange,city_of_newport_beach,2025-08-12,8487,7798,2,1632,1346,10.0,8.0,26.0,0.0,211.0,2025-08-12 08:04:41.504,74.0,484.0,0.0,0.0,0.0,0.0,0.918817014257099,0.0
CA,orange,city_of_san_clemente,2025-08-12,2295,425,0,160,69,58.0,439.0,0.0,0.0,0.0,2025-08-12 08:04:41.504,0.0,0.0,0.0,0.0,0.0,0.0,0.18518518518518517,1801.0
CA,orange,city_of_stanton,2025-08-12,784,470,0,179,62,0.0,1.0,0.0,0.0,0.0,2025-08-12 08:04:41.504,3.0,204.0,88.0,0.0,0.0,0.0,0.5994897959183674,0.0
CA,placer,_,2025-08-12,19437,18354,0,6134,2664,3.0,12.0,35.0,0.0,9.0,2025-08-12 08:04:41.504,124.0,567.0,185.0,35.0,0.0,9.0,0.9442815249266863,0.0
CA,placer,city_of_lincoln,2025-08-12,139,104,0,75,8,0.0,0.0,0.0,0.0,0.0,2025-08-12 08:04:41.504,0.0,1.0,18.0,4.0,0.0,0.0,0.7482014388489209,4.0
CA,placer,city_of_rocklin,2025-08-12,370,328,0,147,59,0.0,1.0,0.0,0.0,0.0,2025-08-12 08:04:41.504,0.0,15.0,9.0,0.0,0.0,0.0,0.8864864864864865,0.0
CA,placer,city_of_roseville,2025-08-12,1118,938,0,429,156,0.0,3.0,0.0,0.0,0.0,2025-08-12 08:04:41.504,1.0,69.0,6.0,3.0,0.0,0.0,0.8389982110912343,0.0
CA,placer_tot,_,2025-08-12,19437,18354,0,6134,2084,3.0,13.0,0.0,0.0,0.0,2025-08-12 08:04:41.504,,,,,,,0.9442815249266863,0.0
CA,plumas,_,2025-08-12,1450,33,0,16,0,8.0,223.0,0.0,0.0,0.0,2025-08-12 08:04:41.504,0.0,0.0,0.0,0.0,0.0,0.0,0.022758620689655173,1417.0
CA,riverside,_,2025-08-12,28088,25128,0,8238,6392,16.0,21.0,25.0,0.0,10.0,2025-08-12 08:04:41.504,151.0,1189.0,197.0,31.0,0.0,7.0,0.8946169182569068,0.0
CA,riverside,city_of_cathedral_city,2025-08-12,3742,3349,0,1386,1011,1.0,2.0,3.0,0.0,3.0,2025-08-12 08:04:41.504,57.0,133.0,43.0,4.0,0.0,0.0,0.8949759486905399,0.0
CA,riverside,city_of_coachella,2025-08-12,2929,2648,0,1026,640,0.0,0.0,0.0,0.0,3.0,2025-08-12 08:04:41.504,23.0,31.0,131.0,18.0,0.0,2.0,0.904062820075111,0.0
CA,riverside,city_of_corona,2025-08-12,672,561,0,232,84,1.0,0.0,0.0,0.0,0.0,2025-08-12 08:04:41.504,13.0,14.0,68.0,6.0,0.0,0.0,0.8348214285714286,0.0
CA,riverside,city_of_desert_hot_springs,2025-08-12,1889,1815,0,643,300,1.0,1.0,2.0,3.0,15.0,2025-08-12 08:04:41.504,0.0,47.0,9.0,1.0,0.0,0.0,0.9608258337744838,0.0
CA,riverside,city_of_eastvale,2025-08-12,1782,1499,0,336,173,0.0,2.0,0.0,0.0,0.0,2025-08-12 08:04:41.504,35.0,108.0,40.0,29.0,0.0,0.0,0.8411896745230079,0.0
CA,riverside,city_of_indian_wells,2025-08-12,3032,2668,0,1144,238,3.0,43.0,0.0,0.0,0.0,2025-08-12 08:04:41.504,0.0,1.0,0.0,0.0,0.0,0.0,0.8799472295514512,125.0
CA,riverside,city_of_indio,2025-08-12,10817,10146,0,2969,2688,10.0,2.0,40.0,0.0,17.0,2025-08-12 08:04:41.504,104.0,345.0,22.0,6.0,0.0,6.0,0.9379680133123787,0.0
CA,riverside,city_of_jurupa_valley,2025-08-12,1207,894,0,209,19,5.0,2.0,0.0,0.0,0.0,2025-08-12 08:04:41.504,11.0,52.0,33.0,0.0,0.0,0.0,0.7406793703396851,198.0
CA,riverside,city_of_la_quinta,2025-08-12,10772,10070,0,3705,665,4.0,7.0,13.0,2.0,111.0,2025-08-12 08:04:41.504,160.0,318.0,55.0,3.0,0.0,1.0,0.934831043445971,0.0
CA,riverside,city_of_lake_elsinore,2025-08-12,543,476,0,223,65,0.0,0.0,0.0,0.0,0.0,2025-08-12 08:04:41.504,6.0,21.0,19.0,3.0,0.0,0.0,0.8766114180478821,0.0
CA,riverside,city_of_palm_desert,2025-08-12,14795,13802,0,3413,6554,21.0,3.0,16.0,2.0,26.0,2025-08-12 08:04:41.504,139.0,326.0,125.0,9.0,2.0,0.0,0.9328827306522474,0.0
CA,riverside,city_of_palm_springs,2025-08-12,21182,17968,0,5121,3245,301.0,169.0,0.0,0.0,0.0,2025-08-12 08:04:41.504,0.0,0.0,0.0,0.0,0.0,0.0,0.848267396846379,0.0
CA,riverside,city_of_rancho_mirage,2025-08-12,5423,5011,0,1351,2666,9.0,8.0,5.0,0.0,0.0,2025-08-12 08:04:41.504,25.0,49.0,36.0,4.0,0.0,1.0,0.9240272911672506,0.0
CA,riverside,city_of_riverside,2025-08-12,2190,1769,0,663,152,17.0,3.0,0.0,0.0,0.0,2025-08-12 08:04:41.504,10.0,196.0,22.0,0.0,0.0,0.0,0.8077625570776256,41.0
CA,riverside_visit_greater_palm_springs,_,2025-08-12,63777,57577,0,17317,13667,347.0,234.0,0.0,0.0,0.0,2025-08-12 08:04:41.504,0.0,0.0,0.0,0.0,0.0,0.0,0.9027862709127115,0.0
CA,sacramento,_,2025-08-12,4344,3508,0,1583,542,3.0,7.0,0.0,0.0,7.0,2025-08-12 08:04:41.504,48.0,649.0,136.0,24.0,0.0,1.0,0.8075506445672191,0.0
CA,sacramento,city_of_citrus_heights,2025-08-12,573,466,0,223,13,0.0,0.0,0.0,0.0,9.0,2025-08-12 08:04:41.504,11.0,21.0,49.0,0.0,0.0,0.0,0.8132635253054101,13.0
CA,sacramento,city_of_elk_grove,2025-08-12,877,646,0,329,33,5.0,7.0,3.0,0.0,12.0,2025-08-12 08:04:41.504,0.0,0.0,0.0,0.0,0.0,0.0,0.7366020524515393,198.0
CA,sacramento,city_of_folsom,2025-08-12,525,461,0,218,56,0.0,1.0,0.0,0.0,0.0,2025-08-12 08:04:41.504,3.0,35.0,9.0,0.0,0.0,0.0,0.878095238095238,0.0
CA,sacramento,city_of_rancho_cordova,2025-08-12,641,546,0,186,147,1.0,2.0,0.0,0.0,0.0,2025-08-12 08:04:41.504,18.0,18.0,43.0,0.0,0.0,0.0,0.8517940717628705,0.0
CA,sacramento,city_of_sacramento,2025-08-12,4854,3619,0,1371,366,54.0,112.0,0.0,0.0,0.0,2025-08-12 08:04:41.504,0.0,10.0,0.0,0.0,0.0,0.0,0.7455706633704161,859.0
CA,san_bernardino,_,2025-08-12,47084,44077,0,14012,3777,17.0,21.0,97.0,0.0,31.0,2025-08-12 08:04:41.504,362.0,1181.0,468.0,38.0,0.0,4.0,0.9361354175516099,0.0
CA,san_bernardino,city_of_big_bear_lake,2025-08-12,20821,20304,0,4539,2651,6.0,8.0,15.0,0.0,292.0,2025-08-12 08:04:41.504,130.0,112.0,9.0,0.0,0.0,1.0,0.9751693002257337,0.0
CA,san_bernardino,city_of_loma_linda,2025-08-12,312,221,0,95,68,0.0,0.0,0.0,0.0,0.0,2025-08-12 08:04:41.504,0.0,0.0,0.0,0.0,0.0,0.0,0.7083333333333334,23.0
CA,san_bernardino,city_of_needles,2025-08-12,269,243,0,131,75,5.0,0.0,0.0,0.0,0.0,2025-08-12 08:04:41.504,4.0,10.0,0.0,0.0,0.0,0.0,0.9033457249070632,0.0
CA,san_bernardino,city_of_san_bernardino,2025-08-12,976,729,0,269,238,24.0,4.0,0.0,0.0,0.0,2025-08-12 08:04:41.504,2.0,11.0,11.0,0.0,0.0,0.0,0.7469262295081968,0.0
CA,san_bernardino,city_of_twentynine_palms,2025-08-12,1539,1355,0,549,88,15.0,4.0,21.0,0.0,4.0,2025-08-12 08:04:41.504,0.0,0.0,0.0,0.0,0.0,0.0,0.8804418453541261,96.0
CA,san_diego,city_of_carlsbad,2025-08-12,4755,4221,0,1206,1450,10.0,2.0,3.0,0.0,59.0,2025-08-12 08:04:41.504,57.0,83.0,32.0,23.0,0.0,1.0,0.8876971608832808,0.0
CA,san_diego,city_of_chula_vista,2025-08-12,1690,1228,0,549,99,0.0,0.0,18.0,0.0,52.0,2025-08-12 08:04:41.504,3.0,116.0,26.0,0.0,0.0,0.0,0.7266272189349112,218.0
CA,san_diego,city_of_coronado,2025-08-12,2024,648,0,241,191,26.0,602.0,0.0,0.0,0.0,2025-08-12 08:04:41.504,0.0,0.0,0.0,0.0,0.0,0.0,0.3201581027667984,1185.0
CA,san_diego,city_of_del_mar,2025-08-12,2097,997,0,268,463,95.0,429.0,0.0,0.0,0.0,2025-08-12 08:04:41.504,0.0,18.0,0.0,0.0,0.0,0.0,0.4754411063423939,619.0
CA,san_diego,city_of_el_cajon,2025-08-12,822,689,0,319,96,0.0,3.0,0.0,0.0,0.0,2025-08-12 08:04:41.504,9.0,25.0,71.0,2.0,0.0,0.0,0.8381995133819952,0.0
CA,san_diego,city_of_encinitas,2025-08-12,3209,1717,0,716,59,42.0,423.0,78.0,0.0,34.0,2025-08-12 08:04:41.504,5.0,108.0,0.0,0.0,0.0,0.0,0.535057650358367,1320.0
CA,san_diego,city_of_escondido,2025-08-12,1077,608,0,304,62,3.0,164.0,0.0,0.0,0.0,2025-08-12 08:04:41.504,0.0,21.0,20.0,0.0,0.0,0.0,0.564531104921077,366.0
CA,san_diego,city_of_imperial_beach,2025-08-12,1036,731,0,348,235,0.0,2.0,0.0,0.0,16.0,2025-08-12 08:04:41.504,22.0,101.0,28.0,4.0,0.0,0.0,0.7055984555984556,0.0
CA,san_diego,city_of_lemon_grove,2025-08-12,508,376,0,190,71,3.0,2.0,0.0,0.0,0.0,2025-08-12 08:04:41.504,9.0,59.0,8.0,5.0,0.0,0.0,0.7401574803149606,0.0
CA,san_diego,city_of_national_city,2025-08-12,1072,397,0,106,12,72.0,122.0,0.0,0.0,0.0,2025-08-12 08:04:41.504,0.0,0.0,0.0,0.0,0.0,0.0,0.37033582089552236,663.0
CA,san_diego,city_of_oceanside,2025-08-12,7489,1199,0,268,609,249.0,2425.0,0.0,0.0,0.0,2025-08-12 08:04:41.504,0.0,0.0,0.0,0.0,0.0,0.0,0.16010148217385498,5681.0
CA,san_diego,city_of_vista,2025-08-12,1186,993,0,422,91,0.0,2.0,0.0,0.0,11.0,2025-08-12 08:04:41.504,21.0,157.0,0.0,0.0,0.0,1.0,0.8372681281618887,0.0
CA,san_joaquin,_,2025-08-12,1461,1188,0,578,170,1.0,1.0,0.0,0.0,0.0,2025-08-12 08:04:41.504,16.0,333.0,29.0,0.0,0.0,2.0,0.813141683778234,0.0
CA,san_joaquin,city_of_lodi,2025-08-12,451,402,0,195,37,0.0,0.0,0.0,0.0,0.0,2025-08-12 08:04:41.504,1.0,32.0,10.0,0.0,0.0,0.0,0.8913525498891353,0.0
CA,san_joaquin,city_of_manteca,2025-08-12,268,228,0,135,25,0.0,0.0,0.0,0.0,0.0,2025-08-12 08:04:41.504,2.0,16.0,13.0,0.0,0.0,0.0,0.8507462686567164,0.0
CA,san_luis_obispo,city_of_arroyo_grande,2025-08-12,560,514,0,265,61,0.0,0.0,0.0,0.0,5.0,2025-08-12 08:04:41.504,8.0,26.0,0.0,0.0,0.0,0.0,0.9178571428571428,0.0
CA,san_luis_obispo,city_of_grover_beach,2025-08-12,917,742,0,322,127,20.0,0.0,2.0,0.0,0.0,2025-08-12 08:04:41.504,10.0,85.0,33.0,3.0,0.0,2.0,0.8091603053435115,0.0
CA,san_luis_obispo,city_of_morro_bay,2025-08-12,967,829,0,304,241,0.0,1.0,0.0,0.0,7.0,2025-08-12 08:04:41.504,6.0,12.0,4.0,0.0,0.0,0.0,0.8572905894519132,0.0
CA,san_luis_obispo,city_of_pismo_beach,2025-08-12,1467,1339,0,466,350,1.0,0.0,0.0,0.0,26.0,2025-08-12 08:04:41.504,27.0,54.0,9.0,5.0,0.0,1.0,0.912747102931152,0.0
CA,san_luis_obispo,city_of_san_luis_obispo,2025-08-12,1019,843,0,425,192,2.0,1.0,2.0,0.0,2.0,2025-08-12 08:04:41.504,12.0,21.0,98.0,16.0,0.0,0.0,0.8272816486751717,0.0
CA,san_mateo,_,2025-08-12,9909,7839,0,2757,863,3.0,102.0,0.0,0.0,0.0,2025-08-12 08:04:41.504,44.0,834.0,172.0,8.0,0.0,2.0,0.7910990009082652,149.0
CA,san_mateo,city_of_brisbane,2025-08-12,251,183,0,76,27,0.0,0.0,0.0,0.0,0.0,2025-08-12 08:04:41.504,0.0,7.0,4.0,0.0,0.0,0.0,0.7290836653386454,30.0
CA,san_mateo,city_of_burlingame,2025-08-12,789,625,0,240,232,0.0,0.0,0.0,0.0,0.0,2025-08-12 08:04:41.504,13.0,65.0,39.0,5.0,0.0,0.0,0.7921419518377694,0.0
CA,san_mateo,city_of_half_moon_bay,2025-08-12,422,401,0,187,101,0.0,1.0,0.0,0.0,0.0,2025-08-12 08:04:41.504,2.0,8.0,5.0,0.0,0.0,0.0,0.9502369668246445,0.0
CA,san_mateo,city_of_menlo_park,2025-08-12,2315,1928,0,549,198,0.0,0.0,0.0,0.0,0.0,2025-08-12 08:04:41.504,21.0,157.0,28.0,5.0,0.0,0.0,0.832829373650108,0.0
CA,san_mateo,city_of_pacifica,2025-08-12,1217,1012,0,366,62,2.0,7.0,1.0,0.0,9.0,2025-08-12 08:04:41.504,9.0,132.0,8.0,3.0,0.0,1.0,0.8315529991783073,0.0
CA,san_mateo,city_of_redwood_city,2025-08-12,2254,2035,0,630,376,0.0,1.0,0.0,0.0,12.0,2025-08-12 08:04:41.504,20.0,29.0,129.0,6.0,0.0,0.0,0.9028393966282166,0.0
CA,san_mateo,city_of_san_mateo,2025-08-12,1957,1549,0,525,304,0.0,2.0,0.0,0.0,6.0,2025-08-12 08:04:41.504,43.0,161.0,38.0,8.0,0.0,0.0,0.7915176290240163,0.0
CA,santa_barbara,_,2025-08-12,5895,4929,0,1936,846,1.0,3.0,3.0,0.0,47.0,2025-08-12 08:04:41.504,39.0,471.0,117.0,1.0,0.0,1.0,0.8361323155216285,0.0
CA,santa_barbara,city_of_carpinteria,2025-08-12,664,574,0,241,45,2.0,0.0,0.0,0.0,0.0,2025-08-12 08:04:41.504,9.0,46.0,9.0,2.0,0.0,0.0,0.8644578313253012,0.0
CA,santa_barbara,city_of_goleta,2025-08-12,545,356,0,165,47,2.0,0.0,0.0,0.0,0.0,2025-08-12 08:04:41.504,,,,,,,0.653211009174312,142.0
CA,santa_barbara,city_of_santa_barbara,2025-08-12,5077,4308,0,1661,607,1.0,20.0,0.0,0.0,0.0,2025-08-12 08:04:41.504,87.0,275.0,295.0,37.0,0.0,7.0,0.8485325979909395,0.0
CA,santa_barbara,city_of_solvang,2025-08-12,717,699,0,74,569,0.0,0.0,0.0,0.0,4.0,2025-08-12 08:04:41.504,2.0,2.0,6.0,2.0,0.0,0.0,0.9748953974895398,0.0
CA,santa_clara,_,2025-08-12,11252,8588,0,2651,1131,2.0,129.0,1.0,0.0,9.0,2025-08-12 08:04:41.504,98.0,1720.0,131.0,19.0,2.0,15.0,0.7632420902950586,0.0
CA,santa_clara,city_of_mountain_view,2025-08-12,3244,2309,0,480,209,4.0,32.0,9.0,0.0,13.0,2025-08-12 08:04:41.504,,,,,,,0.7117755856966708,726.0
CA,santa_clara,city_of_santa_clara,2025-08-12,4487,3319,0,932,393,2.0,83.0,0.0,0.0,0.0,2025-08-12 08:04:41.504,14.0,233.0,4.0,0.0,0.0,5.0,0.7396924448406508,524.0
CA,santa_clara,city_of_sunnyvale,2025-08-12,3638,2509,0,551,386,6.0,29.0,0.0,0.0,0.0,2025-08-12 08:04:41.504,0.0,1.0,0.0,0.0,0.0,0.0,0.6896646509070918,742.0
CA,santa_cruz,_,2025-08-12,5153,4638,0,2193,602,2.0,9.0,33.0,5.0,101.0,2025-08-12 08:04:41.504,29.0,373.0,81.0,5.0,0.0,5.0,0.9000582185134873,0.0
CA,santa_cruz,city_of_capitola,2025-08-12,679,614,0,286,117,0.0,0.0,0.0,0.0,0.0,2025-08-12 08:04:41.504,6.0,33.0,3.0,0.0,0.0,0.0,0.9042709867452136,0.0
CA,shasta,city_of_redding,2025-08-12,2099,1933,0,856,256,0.0,0.0,0.0,0.0,15.0,2025-08-12 08:04:41.504,32.0,11.0,99.0,0.0,1.0,1.0,0.9209147212958552,0.0
CA,sierra,_,2025-08-12,247,231,0,95,63,0.0,0.0,0.0,0.0,0.0,2025-08-12 08:04:41.504,3.0,4.0,0.0,3.0,0.0,0.0,0.9352226720647774,0.0
CA,siskiyou,city_of_mount_shasta,2025-08-12,406,58,2,27,22,38.0,53.0,0.0,0.0,0.0,2025-08-12 08:04:41.504,0.0,0.0,0.0,0.0,0.0,0.0,0.14285714285714285,324.0
CA,solano,city_of_benicia,2025-08-12,214,173,0,89,29,0.0,0.0,0.0,0.0,0.0,2025-08-12 08:04:41.504,1.0,33.0,6.0,0.0,0.0,0.0,0.8084112149532711,0.0
CA,sonoma,_,2025-08-12,12265,11154,0,4061,1490,6.0,13.0,95.0,0.0,209.0,2025-08-12 08:04:41.504,206.0,844.0,25.0,0.0,0.0,5.0,0.9094170403587444,0.0
CA,sonoma,city_of_petaluma,2025-08-12,420,319,0,171,41,0.0,0.0,0.0,0.0,18.0,2025-08-12 08:04:41.504,2.0,16.0,0.0,0.0,0.0,2.0,0.7595238095238095,42.0
CA,sonomaplanning,_,2025-08-12,12265,11154,0,4061,1483,6.0,13.0,47.0,1.0,191.0,2025-08-12 08:04:41.504,,,,,,,0.9094170403587444,0.0
CA,stanislaus,city_of_modesto,2025-08-12,1071,897,0,441,71,5.0,0.0,0.0,0.0,0.0,2025-08-12 08:04:41.504,7.0,124.0,8.0,1.0,0.0,0.0,0.8375350140056023,0.0
CA,tehama,_,2025-08-12,474,425,0,206,111,1.0,0.0,0.0,2.0,14.0,2025-08-12 08:04:41.504,1.0,13.0,22.0,0.0,0.0,0.0,0.8966244725738397,0.0
CA,trinity,_,2025-08-12,628,567,0,213,139,1.0,0.0,0.0,0.0,0.0,2025-08-12 08:04:41.504,9.0,8.0,23.0,3.0,0.0,0.0,0.9028662420382165,0.0
CA,tulare,_,2025-08-12,3037,2577,0,1056,291,7.0,2.0,1.0,0.0,45.0,2025-08-12 08:04:41.504,29.0,304.0,30.0,6.0,0.0,4.0,0.848534738228515,0.0
CA,tulare,city_of_tulare,2025-08-12,284,185,0,101,33,7.0,2.0,0.0,0.0,0.0,2025-08-12 08:04:41.504,1.0,16.0,0.0,0.0,0.0,0.0,0.6514084507042254,49.0
CA,tuolumne,_,2025-08-12,4836,4549,0,1808,326,3.0,2.0,1.0,0.0,0.0,2025-08-12 08:04:41.504,32.0,96.0,59.0,13.0,0.0,0.0,0.9406534325889164,0.0
CA,tuolumne2,_,2025-08-12,4700,4421,0,1768,285,3.0,2.0,0.0,0.0,0.0,2025-08-12 08:04:41.504,1.0,0.0,0.0,0.0,1.0,0.0,0.9406382978723404,0.0
CA,ventura,_,2025-08-12,4450,3749,0,1784,329,5.0,7.0,1.0,0.0,9.0,2025-08-12 08:04:41.504,101.0,471.0,153.0,5.0,0.0,3.0,0.8424719101123596,0.0
CA,ventura,city_of_ojai,2025-08-12,307,275,0,147,93,0.0,0.0,0.0,0.0,0.0,2025-08-12 08:04:41.504,6.0,2.0,17.0,3.0,0.0,0.0,0.8957654723127035,0.0
CA,ventura,city_of_oxnard,2025-08-12,1492,1288,0,585,86,0.0,0.0,0.0,0.0,0.0,2025-08-12 08:04:41.504,1.0,23.0,7.0,5.0,0.0,2.0,0.8632707774798928,82.0
CA,ventura,city_of_san_buenaventura,2025-08-12,1666,1518,0,525,360,0.0,0.0,3.0,0.0,33.0,2025-08-12 08:04:41.504,1.0,6.0,82.0,11.0,0.0,1.0,0.9111644657863145,0.0
CA,ventura,city_of_simi_valley,2025-08-12,479,353,0,174,26,9.0,4.0,0.0,0.0,0.0,2025-08-12 08:04:41.504,0.0,7.0,0.0,0.0,0.0,0.0,0.7369519832985386,93.0
CA,yuba,_,2025-08-12,379,238,0,129,44,0.0,0.0,0.0,0.0,0.0,2025-08-12 08:04:41.504,1.0,50.0,0.0,0.0,0.0,3.0,0.6279683377308707,46.0
CA_MB,division_no_18,gimli,2025-08-12,346,215,5,143,76,0.0,0.0,0.0,0.0,1.0,2025-08-12 08:04:41.504,1.0,31.0,0.0,0.0,0.0,0.0,0.6213872832369942,18.0
CA_ON,cochrane,timmins,2025-08-12,322,0,0,0,0,0.0,0.0,0.0,0.0,0.0,2025-08-12 08:04:41.504,,,,,,,0.0,322.0
CA_ON,niagara,wainfleet,2025-08-12,368,349,8,127,125,0.0,0.0,0.0,0.0,2.0,2025-08-12 08:04:41.504,0.0,0.0,0.0,0.0,0.0,0.0,0.9483695652173914,0.0
CO,archuleta,_,2025-08-12,5406,5198,0,1111,1830,0.0,0.0,4.0,0.0,0.0,2025-08-12 08:04:41.504,54.0,36.0,76.0,0.0,0.0,1.0,0.9615242323344432,0.0
CO,boulder,_,2025-08-12,4413,3774,0,2094,293,0.0,0.0,8.0,0.0,8.0,2025-08-12 08:04:41.504,82.0,181.0,393.0,39.0,0.0,3.0,0.8552005438477226,0.0
CO,boulder,city_of_longmont,2025-08-12,1003,914,0,479,49,0.0,0.0,0.0,0.0,0.0,2025-08-12 08:04:41.504,12.0,13.0,36.0,1.0,0.0,0.0,0.9112662013958126,0.0
CO,boulder,town_of_superior,2025-08-12,225,181,0,96,29,0.0,0.0,0.0,0.0,0.0,2025-08-12 08:04:41.504,1.0,0.0,0.0,0.0,0.0,0.0,0.8044444444444444,14.0
CO,broomfield,_,2025-08-12,612,543,0,308,61,0.0,0.0,0.0,0.0,3.0,2025-08-12 08:04:41.504,5.0,7.0,18.0,7.0,0.0,0.0,0.8872549019607843,0.0
CO,clear_creek,_,2025-08-12,1461,1201,1,441,108,0.0,0.0,3.0,0.0,8.0,2025-08-12 08:04:41.504,2.0,43.0,35.0,0.0,0.0,1.0,0.8220396988364134,71.0
CO,grand,town_of_fraser,2025-08-12,4333,3597,0,1133,76,8.0,0.0,6.0,0.0,17.0,2025-08-12 08:04:41.504,53.0,277.0,131.0,2.0,1.0,1.0,0.8301407800600046,197.0
CO,grand,town_of_grand_lake,2025-08-12,962,17,0,4,0,3.0,0.0,0.0,0.0,0.0,2025-08-12 08:04:41.504,0.0,0.0,0.0,0.0,0.0,0.0,0.017671517671517672,945.0
CO,gunnison,town_of_crested_butte,2025-08-12,674,595,0,260,74,0.0,0.0,4.0,0.0,7.0,2025-08-12 08:04:41.504,17.0,15.0,0.0,0.0,1.0,0.0,0.8827893175074184,0.0
CO,gunnison,town_of_mount_crested_butte,2025-08-12,3007,2844,0,910,553,1.0,0.0,0.0,1.0,619.0,2025-08-12 08:04:41.504,52.0,8.0,95.0,5.0,0.0,1.0,0.9457931493182574,0.0
CO,jefferson,city_of_lakewood,2025-08-12,2744,2340,0,1163,159,0.0,0.0,1.0,0.0,7.0,2025-08-12 08:04:41.504,30.0,11.0,306.0,10.0,0.0,0.0,0.8527696793002916,0.0
CO,jefferson,city_of_westminster,2025-08-12,2642,2473,0,955,213,0.0,1.0,0.0,0.0,5.0,2025-08-12 08:04:41.504,11.0,23.0,61.0,47.0,1.0,0.0,0.9360333080999244,0.0
CO,la_plata,city_of_durango,2025-08-12,1270,1203,0,399,391,0.0,1.0,3.0,0.0,0.0,2025-08-12 08:04:41.504,7.0,23.0,24.0,11.0,1.0,0.0,0.947244094488189,0.0
CO,lake,city_of_leadville,2025-08-12,984,862,0,208,188,1.0,0.0,0.0,0.0,3.0,2025-08-12 08:04:41.504,1.0,12.0,5.0,0.0,0.0,0.0,0.8760162601626016,0.0
CO,larimer,city_of_loveland,2025-08-12,1305,22,0,21,0,18.0,2.0,0.0,0.0,0.0,2025-08-12 08:04:41.504,0.0,0.0,0.0,0.0,0.0,0.0,0.01685823754789272,1283.0
CO,larimer,town_of_estes_park,2025-08-12,4998,41,0,17,6,152.0,0.0,0.0,0.0,0.0,2025-08-12 08:04:41.504,0.0,0.0,0.0,0.0,0.0,0.0,0.00820328131252501,4951.0
CO,mesa,town_of_palisade,2025-08-12,98,93,0,51,17,0.0,0.0,0.0,0.0,1.0,2025-08-12 08:04:41.504,0.0,2.0,3.0,0.0,0.0,0.0,0.9489795918367347,0.0
CO,mineral,_,2025-08-12,449,421,0,149,31,0.0,0.0,0.0,0.0,0.0,2025-08-12 08:04:41.504,1.0,11.0,13.0,0.0,0.0,0.0,0.9376391982182628,0.0
CO,ouray,_,2025-08-12,1354,1259,0,375,256,1.0,0.0,1.0,0.0,3.0,2025-08-12 08:04:41.504,28.0,25.0,5.0,1.0,0.0,0.0,0.9298375184638109,0.0
CO,ouray,city_of_ouray,2025-08-12,749,727,0,183,143,0.0,0.0,0.0,0.0,42.0,2025-08-12 08:04:41.504,0.0,5.0,0.0,2.0,0.0,0.0,0.9706275033377837,0.0
CO,pitkin,_,2025-08-12,9395,8250,0,2023,2242,10.0,2.0,0.0,0.0,2.0,2025-08-12 08:04:41.504,83.0,353.0,43.0,9.0,0.0,0.0,0.8781266631186802,0.0
CO,routt,_,2025-08-12,3545,338,0,107,26,1409.0,0.0,0.0,0.0,0.0,2025-08-12 08:04:41.504,0.0,9.0,0.0,0.0,0.0,0.0,0.09534555712270804,3172.0
CO,saguache,_,2025-08-12,704,363,0,161,49,7.0,0.0,0.0,0.0,0.0,2025-08-12 08:04:41.504,6.0,71.0,14.0,0.0,0.0,1.0,0.515625,201.0
CO,san_miguel,town_of_telluride,2025-08-12,4114,3931,0,991,310,3.0,0.0,34.0,1.0,162.0,2025-08-12 08:04:41.504,5.0,78.0,107.0,11.0,1.0,0.0,0.9555177442877978,0.0
CO,summit,town_of_silverthorne,2025-08-12,1666,1400,0,470,89,6.0,0.0,9.0,0.0,88.0,2025-08-12 08:04:41.504,7.0,49.0,45.0,0.0,1.0,0.0,0.8403361344537815,76.0
CO,summit_keystone,_,2025-08-12,8721,7676,0,1915,75,236.0,1.0,7.0,2.0,1409.0,2025-08-12 08:04:41.504,9.0,56.0,216.0,3.0,1.0,0.0,0.8801742919389978,686.0
FL,bay,city_of_panama_city,2025-08-12,865,26,0,15,0,0.0,0.0,0.0,0.0,0.0,2025-08-12 08:04:41.504,0.0,1.0,0.0,0.0,0.0,0.0,0.03005780346820809,838.0
FL,bay,city_of_panama_city_beach,2025-08-12,47724,36571,1,9887,1002,6100.0,0.0,331.0,0.0,6344.0,2025-08-12 08:04:41.504,93.0,713.0,1.0,0.0,1.0,62.0,0.7663020702371972,9343.0
FL,brevard,city_of_cape_canaveral,2025-08-12,3265,2863,0,974,291,0.0,2.0,0.0,0.0,78.0,2025-08-12 08:04:41.504,38.0,157.0,126.0,0.0,0.0,5.0,0.8768759571209801,0.0
FL,brevard,city_of_cocoa_beach,2025-08-12,4535,3656,0,998,681,6.0,20.0,2.0,0.0,26.0,2025-08-12 08:04:41.504,14.0,234.0,7.0,0.0,0.0,0.0,0.8061742006615215,0.0
FL,brevard,city_of_indian_harbour_beach,2025-08-12,820,600,0,218,53,34.0,48.0,0.0,0.0,47.0,2025-08-12 08:04:41.504,3.0,68.0,1.0,0.0,5.0,0.0,0.7317073170731707,95.0
FL,brevard,town_of_melbourne_beach,2025-08-12,310,219,0,83,14,0.0,0.0,0.0,0.0,0.0,2025-08-12 08:04:41.504,0.0,24.0,5.0,0.0,0.0,0.0,0.7064516129032258,48.0
FL,broward,city_of_hallandale_beach,2025-08-12,17621,4361,0,1239,5431,12045.0,5643.0,0.0,0.0,30.0,2025-08-12 08:04:41.504,48.0,1551.0,7.0,0.0,0.0,0.0,0.24748879178253222,6223.0
FL,broward,city_of_margate,2025-07-16,724,460,0,211,19,0.0,0.0,0.0,0.0,0.0,2025-08-12 08:04:41.504,0.0,54.0,19.0,0.0,0.0,0.0,0.6353591160220995,172.0
FL,broward,city_of_oakland_park,2025-08-12,4243,1700,0,503,88,111.0,1225.0,18.0,0.0,5.0,2025-08-12 08:04:41.504,0.0,5.0,0.0,0.0,0.0,0.0,0.4006599104407259,2450.0
FL,broward,city_of_pompano_beach,2025-08-12,10492,865,0,210,405,357.0,4596.0,0.0,0.0,0.0,2025-08-12 08:04:41.504,0.0,0.0,0.0,0.0,0.0,0.0,0.08244376667937477,9222.0
FL,broward,town_of_lauderdale_by_the_sea,2025-08-12,3316,2350,0,513,778,28.0,256.0,0.0,0.0,17.0,2025-08-12 08:04:41.504,3.0,167.0,0.0,0.0,0.0,2.0,0.7086851628468034,18.0
FL,collier,city_of_naples,2025-08-12,6216,4100,0,1568,972,73.0,0.0,0.0,0.0,0.0,2025-08-12 08:04:41.504,130.0,458.0,51.0,0.0,0.0,0.0,0.6595881595881596,505.0
FL,duval,_,2025-08-12,18762,13736,0,4115,829,177.0,684.0,0.0,0.0,0.0,2025-08-12 08:04:41.504,1.0,242.0,0.0,0.0,0.0,4.0,0.7321181110755783,3954.0
FL,duval,city_of_jacksonville,2025-08-12,15032,10709,0,3106,763,149.0,619.0,0.0,0.0,0.0,2025-08-12 08:04:41.504,4.0,156.0,0.0,0.0,0.0,0.0,0.7124135178286323,3400.0
FL,duval,city_of_jacksonville_beach,2025-08-12,3500,2832,0,922,27,27.0,61.0,0.0,0.0,0.0,2025-08-12 08:04:41.504,0.0,1.0,0.0,0.0,0.0,0.0,0.8091428571428572,640.0
FL,duval,city_of_neptune_beach,2025-08-12,546,505,0,210,97,0.0,1.0,0.0,0.0,0.0,2025-08-12 08:04:41.504,4.0,20.0,13.0,3.0,0.0,0.0,0.924908424908425,0.0
FL,flagler,_,2025-08-12,5785,45,0,24,0,27.0,999.0,0.0,0.0,0.0,2025-08-12 08:04:41.504,0.0,0.0,0.0,0.0,0.0,1.0,0.007778738115816767,5740.0
FL,hernando,_,2025-08-12,3003,77,0,36,1,15.0,14.0,10.0,0.0,0.0,2025-08-12 08:04:41.504,0.0,0.0,0.0,0.0,0.0,0.0,0.02564102564102564,2925.0
FL,lee,town_of_fort_myers_beach,2025-08-12,12160,8038,0,1904,555,801.0,16.0,7.0,0.0,37.0,2025-08-12 08:04:41.504,13.0,520.0,36.0,0.0,0.0,0.0,0.6610197368421052,2998.0
FL,leon,_,2025-08-12,5221,3632,0,1505,493,7.0,518.0,0.0,0.0,0.0,2025-08-12 08:04:41.504,2.0,370.0,1.0,0.0,0.0,3.0,0.6956521739130435,723.0
FL,manatee,city_of_bradenton,2025-08-12,4627,100,0,52,0,49.0,1019.0,17.0,0.0,5.0,2025-08-12 08:04:41.504,0.0,2.0,0.0,0.0,0.0,0.0,0.02161227577263886,4525.0
FL,manatee,city_of_holmes_beach,2025-08-12,8596,8259,0,2034,338,8.0,2.0,8.0,0.0,101.0,2025-08-12 08:04:41.504,203.0,43.0,85.0,0.0,0.0,5.0,0.9607957189390414,0.0
FL,marion,_,2025-08-12,5426,4604,0,2371,567,1.0,6.0,0.0,4.0,57.0,2025-08-12 08:04:41.504,49.0,533.0,58.0,1.0,1.0,4.0,0.8485071876151862,0.0
FL,marion,city_of_dunnellon,2025-08-12,391,346,0,149,14,0.0,0.0,0.0,0.0,0.0,2025-08-12 08:04:41.504,4.0,2.0,12.0,0.0,0.0,0.0,0.8849104859335039,13.0
FL,miami_dade,city_of_doral,2025-08-12,2833,0,0,0,0,0.0,1274.0,0.0,0.0,0.0,2025-08-12 08:04:41.504,,,,,,,0.0,2833.0
FL,miami_dade,city_of_north_miami_beach,2025-08-12,3279,2317,0,643,69,9.0,48.0,0.0,0.0,0.0,2025-08-12 08:04:41.504,22.0,128.0,140.0,4.0,0.0,0.0,0.7066178713022263,599.0
FL,miami_dade,city_of_sunny_isles_beach,2025-08-12,7822,4723,0,1414,392,2093.0,551.0,186.0,0.0,98.0,2025-08-12 08:04:41.504,321.0,792.0,231.0,15.0,0.0,2.0,0.6038097673229353,1348.0
FL,miami_dade,town_of_miami_lakes,2025-08-12,256,171,0,81,28,0.0,0.0,0.0,0.0,0.0,2025-08-12 08:04:41.504,0.0,18.0,13.0,1.0,0.0,3.0,0.66796875,25.0
FL,monroe,_,2025-08-12,30834,27408,0,8281,7641,166.0,15.0,0.0,0.0,0.0,2025-08-12 08:04:41.504,337.0,783.0,783.0,13.0,0.0,0.0,0.8888888888888888,0.0
FL,monroe,city_of_marathon,2025-08-12,6090,5804,0,1658,1260,2.0,1.0,1.0,0.0,39.0,2025-08-12 08:04:41.504,23.0,44.0,3.0,0.0,0.0,0.0,0.9530377668308703,0.0
FL,monroe,village_of_islamorada_village_of_islands,2025-08-12,3863,3568,0,988,1263,3.0,1.0,0.0,0.0,87.0,2025-08-12 08:04:41.504,31.0,49.0,33.0,28.0,0.0,0.0,0.9236344809733368,0.0
FL,nassau,_,2025-08-12,6216,5674,0,1760,153,1.0,0.0,0.0,0.0,643.0,2025-08-12 08:04:41.504,20.0,60.0,74.0,0.0,0.0,0.0,0.9128056628056628,235.0
FL,nassau,city_of_fernandina_beach,2025-08-12,3380,3206,0,924,101,0.0,0.0,1.0,0.0,27.0,2025-08-12 08:04:41.504,15.0,15.0,22.0,0.0,0.0,0.0,0.9485207100591716,21.0
FL,okaloosa,city_of_destin,2025-08-12,29233,39,0,24,0,52.0,1.0,58.0,0.0,0.0,2025-08-12 08:04:41.504,0.0,0.0,0.0,0.0,0.0,0.0,0.0013341087127561318,29194.0
FL,palm_beach,city_of_delray_beach,2025-08-12,3436,2790,0,997,102,39.0,243.0,0.0,0.0,0.0,2025-08-12 08:04:41.504,17.0,63.0,40.0,2.0,0.0,2.0,0.8119906868451688,422.0
FL,palm_beach,town_of_palm_beach,2025-08-12,2841,1109,0,176,412,65.0,1522.0,0.0,0.0,0.0,2025-08-12 08:04:41.504,1.0,2.0,0.0,0.0,7.0,1.0,0.39035550862372403,1317.0
FL,palm_beach,town_of_palm_beach_shores,2025-08-12,1590,1508,0,170,672,0.0,0.0,0.0,0.0,11.0,2025-08-12 08:04:41.504,32.0,17.0,33.0,0.0,0.0,0.0,0.9484276729559749,0.0
FL,pinellas,city_of_dunedin,2025-08-12,1919,916,0,331,47,6.0,289.0,0.0,0.0,10.0,2025-08-12 08:04:41.504,3.0,107.0,0.0,0.0,0.0,4.0,0.4773319437206879,846.0
FL,pinellas,town_of_north_redington_beach,2025-08-12,1823,8,0,6,0,15.0,346.0,0.0,0.0,0.0,2025-08-12 08:04:41.504,0.0,0.0,0.0,0.0,1.0,0.0,0.004388370817334065,1815.0
FL,polk,city_of_haines_city,2025-08-12,6196,26,0,26,1,166.0,4478.0,0.0,0.0,0.0,2025-08-12 08:04:41.504,0.0,0.0,0.0,0.0,0.0,0.0,0.004196255648805681,6169.0
FL,seminole,_,2025-08-12,5705,4141,0,1049,354,17.0,85.0,0.0,0.0,0.0,2025-08-12 08:04:41.504,2.0,186.0,2.0,0.0,0.0,3.0,0.725854513584575,1020.0
FL,st_johns,_,2025-08-12,20296,6433,0,1520,419,853.0,6.0,59.0,0.0,31.0,2025-08-12 08:04:41.504,1.0,30.0,1.0,0.0,0.0,0.0,0.3169590067008278,13412.0
FL,volusia,city_of_daytona_beach,2025-08-12,13065,2459,0,76,2289,1414.0,4190.0,0.0,0.0,0.0,2025-08-12 08:04:41.504,0.0,38.0,0.0,0.0,0.0,0.0,0.188212782242633,8279.0
FL,walton,_,2025-08-12,68633,121,0,58,0,126.0,12.0,0.0,0.0,0.0,2025-08-12 08:04:41.504,0.0,0.0,0.0,0.0,0.0,0.0,0.0017630003059752597,68512.0
GA,bulloch,_,2025-08-12,247,217,0,115,44,0.0,0.0,0.0,0.0,0.0,2025-08-12 08:04:41.504,2.0,11.0,7.0,0.0,0.0,0.0,0.8785425101214575,0.0
GA,chatham,_,2025-08-12,9476,9005,0,2626,876,1.0,2.0,1.0,0.0,15.0,2025-08-12 08:04:41.504,93.0,95.0,154.0,2.0,1.0,7.0,0.950295483326298,0.0
GA,chatham,city_of_savannah,2025-08-12,11214,10675,0,2525,1274,0.0,0.0,27.0,0.0,442.0,2025-08-12 08:04:41.504,85.0,64.0,282.0,51.0,0.0,6.0,0.9519350811485643,0.0
GA,chatham,city_of_tybee_island,2025-08-12,6339,5915,0,1476,184,5.0,3.0,34.0,0.0,778.0,2025-08-12 08:04:41.504,0.0,0.0,0.0,0.0,0.0,0.0,0.9331124783088816,240.0
GA,clarke,_,2025-08-12,3542,2813,0,1554,170,3.0,1.0,0.0,1.0,90.0,2025-08-12 08:04:41.504,32.0,405.0,44.0,3.0,0.0,0.0,0.7941840767927725,75.0
GA,clayton,city_of_forest_park,2025-08-12,462,74,0,39,5,24.0,16.0,0.0,0.0,0.0,2025-08-12 08:04:41.504,0.0,4.0,0.0,0.0,0.0,0.0,0.16017316017316016,379.0
GA,dekalb,city_of_chamblee,2025-08-12,1752,1349,0,283,129,0.0,2.0,0.0,0.0,0.0,2025-08-12 08:04:41.504,52.0,46.0,242.0,57.0,0.0,0.0,0.7699771689497716,0.0
GA,douglas,_,2025-08-12,1323,849,0,418,105,0.0,0.0,0.0,0.0,3.0,2025-08-12 08:04:41.504,0.0,77.0,55.0,0.0,0.0,0.0,0.6417233560090703,237.0
GA,fayette,_,2025-08-12,974,820,0,453,24,2.0,1.0,0.0,0.0,1.0,2025-08-12 08:04:41.504,14.0,57.0,91.0,1.0,0.0,1.0,0.8418891170431212,0.0
GA,greene,_,2025-08-12,594,448,1,241,17,0.0,0.0,0.0,0.0,0.0,2025-08-12 08:04:41.504,0.0,28.0,1.0,0.0,1.0,2.0,0.7542087542087542,99.0
GA,henry,_,2025-08-12,2094,1551,0,833,258,0.0,0.0,0.0,0.0,5.0,2025-08-12 08:04:41.504,15.0,245.0,104.0,1.0,0.0,0.0,0.7406876790830945,0.0
GA,stephens,_,2025-08-12,367,252,0,134,12,0.0,0.0,0.0,0.0,0.0,2025-08-12 08:04:41.504,1.0,6.0,14.0,0.0,0.0,1.0,0.6866485013623979,82.0
GA,whitfield,city_of_dalton,2025-08-12,157,142,0,71,44,0.0,0.0,0.0,0.0,0.0,2025-08-12 08:04:41.504,1.0,11.0,1.0,1.0,0.0,0.0,0.9044585987261147,0.0
HI,hawaii,_,2025-08-12,33341,489,0,108,21,65.0,147.0,0.0,0.0,0.0,2025-08-12 08:04:41.504,0.0,1.0,0.0,0.0,0.0,0.0,0.01466662667586455,32830.0
ID,bear_lake,_,2025-08-12,715,586,0,200,128,0.0,0.0,0.0,0.0,0.0,2025-08-12 08:04:41.504,1.0,10.0,4.0,0.0,0.0,0.0,0.8195804195804196,0.0
ID,blaine,city_of_ketchum,2025-08-12,2491,1795,0,614,20,26.0,0.0,2.0,0.0,111.0,2025-08-12 08:04:41.504,3.0,126.0,105.0,2.0,0.0,0.0,0.7205941389000401,440.0
ID,bonner,_,2025-08-12,3469,3109,0,1203,345,0.0,1.0,2.0,0.0,54.0,2025-08-12 08:04:41.504,44.0,97.0,122.0,2.0,0.0,2.0,0.8962236955895071,0.0
ID,bonner,city_of_sandpoint,2025-08-12,808,733,0,293,90,0.0,0.0,0.0,0.0,8.0,2025-08-12 08:04:41.504,5.0,22.0,12.0,17.0,0.0,0.0,0.9071782178217822,0.0
ID,fremont,_,2025-08-12,4209,3745,16,1176,369,0.0,0.0,0.0,0.0,3.0,2025-08-12 08:04:41.504,16.0,192.0,70.0,0.0,0.0,0.0,0.88976003801378,0.0
ID,teton,city_of_driggs,2025-08-12,847,732,0,252,20,1.0,0.0,1.0,0.0,4.0,2025-08-12 08:04:41.504,11.0,78.0,17.0,0.0,0.0,0.0,0.8642266824085005,0.0
IL,bureau,city_of_princeton,2025-08-12,69,68,0,28,27,0.0,0.0,0.0,0.0,0.0,2025-08-12 08:04:41.504,0.0,1.0,0.0,0.0,0.0,0.0,0.9855072463768116,0.0
IL,cook,city_of_chicago,2025-08-12,33344,139,0,63,1,71.0,21081.0,0.0,0.0,0.0,2025-08-12 08:04:41.504,0.0,1.0,0.0,0.0,0.0,1.0,0.0041686660268714015,33203.0
IL,cook,village_of_forest_view,2025-08-12,39,34,0,21,1,0.0,0.0,0.0,0.0,0.0,2025-08-12 08:04:41.504,0.0,1.0,4.0,0.0,0.0,0.0,0.8717948717948718,0.0
IL,cook,village_of_orland_park,2025-08-12,77,60,0,23,19,0.0,0.0,0.0,0.0,0.0,2025-08-12 08:04:41.504,2.0,12.0,3.0,0.0,0.0,0.0,0.7792207792207793,0.0
IL,effingham,_,2025-08-12,140,87,1,56,27,29.0,0.0,0.0,0.0,0.0,2025-08-12 08:04:41.504,0.0,5.0,0.0,1.0,0.0,0.0,0.6214285714285714,19.0
IL,la_salle,city_of_ottawa,2025-08-12,476,403,0,141,20,0.0,0.0,0.0,0.0,17.0,2025-08-12 08:04:41.504,0.0,6.0,0.0,0.0,0.0,0.0,0.8466386554621849,47.0
IL,macon,city_of_decatur,2025-08-12,261,236,0,119,53,0.0,0.0,0.0,0.0,0.0,2025-08-12 08:04:41.504,1.0,13.0,2.0,7.0,0.0,0.0,0.9042145593869731,0.0
IL,rock_island,city_of_moline,2025-08-12,311,279,0,113,130,0.0,0.0,0.0,0.0,0.0,2025-08-12 08:04:41.504,2.0,10.0,15.0,1.0,0.0,0.0,0.8971061093247589,0.0
IL,tazewell,city_of_east_peoria,2025-08-12,171,26,0,15,0,6.0,0.0,0.0,0.0,0.0,2025-08-12 08:04:41.504,0.0,2.0,0.0,0.0,0.0,0.0,0.15204678362573099,143.0
IL,will,city_of_joliet,2025-08-12,337,289,0,116,88,0.0,1.0,0.0,0.0,0.0,2025-08-12 08:04:41.504,1.0,16.0,1.0,23.0,0.0,0.0,0.857566765578635,0.0
IL,williamson,_,2025-08-12,656,571,0,271,164,0.0,0.0,-1.0,0.0,0.0,2025-08-12 08:04:41.504,7.0,38.0,28.0,0.0,0.0,0.0,0.8704268292682927,0.0
KY,boone,_,2025-08-12,608,507,0,262,208,0.0,1.0,0.0,0.0,0.0,2025-08-12 08:04:41.504,6.0,0.0,24.0,0.0,0.0,0.0,0.8338815789473685,0.0
KY,boone_campbell_kenton,_,2025-08-12,2766,2371,0,1060,353,0.0,1.0,0.0,0.0,0.0,2025-08-12 08:04:41.504,13.0,114.0,0.0,0.0,0.0,0.0,0.8571945046999276,0.0
KY,bullitt,_,2025-08-12,210,147,0,102,27,0.0,0.0,0.0,0.0,0.0,2025-08-12 08:04:41.504,0.0,4.0,7.0,0.0,0.0,4.0,0.7,25.0
KY,campbell,_,2025-08-12,1001,871,0,367,76,0.0,0.0,0.0,0.0,0.0,2025-08-12 08:04:41.504,4.0,0.0,1.0,24.0,0.0,0.0,0.8701298701298701,25.0
KY,daviess,_,2025-08-12,383,302,0,171,42,0.0,0.0,0.0,0.0,0.0,2025-08-12 08:04:41.504,0.0,28.0,0.0,0.0,0.0,3.0,0.7885117493472585,11.0
KY,estill,_,2025-08-12,119,97,0,42,28,0.0,0.0,0.0,0.0,0.0,2025-08-12 08:04:41.504,0.0,5.0,1.0,2.0,0.0,1.0,0.8151260504201681,0.0
KY,kenton,_,2025-08-12,1437,1243,0,533,123,0.0,1.0,0.0,0.0,0.0,2025-08-12 08:04:41.504,3.0,0.0,5.0,30.0,0.0,0.0,0.8649965205288797,33.0
KY,menifee,_,2025-08-12,317,233,7,69,16,0.0,0.0,0.0,0.0,0.0,2025-08-12 08:04:41.504,0.0,35.0,19.0,0.0,0.0,2.0,0.7350157728706624,7.0
KY,powell,_,2025-08-12,1066,902,7,269,95,0.0,0.0,0.0,0.0,0.0,2025-08-12 08:04:41.504,14.0,28.0,59.0,56.0,0.0,3.0,0.8461538461538461,0.0
KY,rowan,_,2025-08-12,180,152,0,63,28,0.0,0.0,0.0,0.0,0.0,2025-08-12 08:04:41.504,2.0,8.0,7.0,0.0,0.0,0.0,0.8444444444444444,0.0
KY,shelby,_,2025-08-12,411,381,0,225,17,0.0,0.0,0.0,0.0,2.0,2025-08-12 08:04:41.504,6.0,11.0,5.0,3.0,0.0,0.0,0.927007299270073,0.0
KY,spencer,_,2025-08-12,218,208,0,37,154,0.0,0.0,0.0,0.0,3.0,2025-08-12 08:04:41.504,0.0,9.0,0.0,0.0,0.0,0.0,0.9541284403669725,0.0
LA,caddo,city_of_shreveport,2025-08-12,1311,1109,0,542,159,0.0,2.0,5.0,0.0,2.0,2025-08-12 08:04:41.504,7.0,112.0,15.0,3.0,0.0,3.0,0.8459191456903128,0.0
MA,barnstable...town_of_dennis,_,2025-08-12,4418,3403,0,1241,342,17.0,0.0,2.0,0.0,146.0,2025-08-12 08:04:41.504,13.0,166.0,2.0,0.0,0.0,0.0,0.7702580353100951,492.0
MA,berkshire...town_of_lee,_,2025-08-12,431,332,0,92,159,0.0,0.0,0.0,0.0,0.0,2025-08-12 08:04:41.504,0.0,24.0,0.0,0.0,0.0,0.0,0.7703016241299304,0.0
MA,berkshire...town_of_lenox,_,2025-08-12,554,349,0,128,147,13.0,0.0,0.0,0.0,0.0,2025-08-12 08:04:41.504,5.0,15.0,0.0,0.0,1.0,0.0,0.6299638989169675,38.0
MA,dukes...town_of_oak_bluffs,_,2025-08-12,1865,1697,0,733,66,1.0,0.0,0.0,0.0,0.0,2025-08-12 08:04:41.504,74.0,12.0,46.0,23.0,0.0,7.0,0.9099195710455764,0.0
MA,dukes...town_of_tisbury,_,2025-08-12,812,722,0,375,25,0.0,0.0,0.0,0.0,0.0,2025-08-12 08:04:41.504,38.0,28.0,4.0,13.0,0.0,0.0,0.8891625615763546,0.0
MA,nantucket...town_of_nantucket,_,2025-08-12,7634,4614,2,2074,164,1573.0,7.0,0.0,0.0,0.0,2025-08-12 08:04:41.504,0.0,1.0,0.0,0.0,0.0,0.0,0.6044013623264344,2853.0
MA,suffolk,city_of_revere,2025-08-12,1052,817,0,182,37,0.0,0.0,0.0,0.0,8.0,2025-08-12 08:04:41.504,0.0,48.0,16.0,2.0,0.0,0.0,0.776615969581749,132.0
MD,worcester,town_of_ocean_city,2025-08-12,29192,24704,0,7710,1003,2803.0,1.0,1179.0,0.0,5936.0,2025-08-12 08:04:41.504,70.0,346.0,79.0,4.0,0.0,0.0,0.846259249109345,2986.0
ME,knox...town_of_camden,_,2025-08-12,866,692,0,279,134,0.0,0.0,0.0,0.0,11.0,2025-08-12 08:04:41.504,0.0,14.0,4.0,0.0,0.0,1.0,0.7990762124711316,22.0
ME,knox...town_of_rockport,_,2025-08-12,442,402,0,148,106,0.0,0.0,0.0,0.0,0.0,2025-08-12 08:04:41.504,12.0,13.0,2.0,12.0,0.0,0.0,0.9095022624434389,0.0
ME,penobscot,city_of_bangor,2025-08-12,611,548,0,216,152,1.0,0.0,0.0,0.0,4.0,2025-08-12 08:04:41.504,0.0,15.0,43.0,4.0,0.0,0.0,0.8968903436988543,0.0
MI,berrien,city_of_new_buffalo,2025-08-12,841,712,0,263,23,0.0,0.0,4.0,0.0,6.0,2025-08-12 08:04:41.504,8.0,73.0,0.0,0.0,0.0,0.0,0.8466111771700356,25.0
MI,berrien...township_of_chikaming,_,2025-08-12,1675,1641,0,580,43,0.0,0.0,0.0,0.0,51.0,2025-08-12 08:04:41.504,20.0,2.0,10.0,0.0,0.0,0.0,0.9797014925373134,0.0
MI,charlevoix,city_of_charlevoix,2025-08-12,847,797,0,300,13,0.0,0.0,0.0,0.0,7.0,2025-08-12 08:04:41.504,12.0,6.0,27.0,0.0,0.0,0.0,0.9409681227863046,0.0
MI,charlevoix...township_of_charlevoix,_,2025-08-12,205,171,0,97,1,0.0,0.0,0.0,0.0,5.0,2025-08-12 08:04:41.504,0.0,1.0,0.0,0.0,0.0,0.0,0.8341463414634146,32.0
MI,mackinac,city_of_saint_ignace,2025-08-12,301,254,0,89,76,0.0,0.0,0.0,0.0,5.0,2025-08-12 08:04:41.504,0.0,10.0,0.0,0.0,0.0,0.0,0.8438538205980066,0.0
MI,oakland,city_of_royal_oak,2025-08-12,1456,28,0,15,0,10.0,0.0,0.0,0.0,0.0,2025-08-12 08:04:41.504,0.0,0.0,0.0,0.0,0.0,0.0,0.019230769230769232,1428.0
MI,washtenaw,city_of_ann_arbor,2025-08-12,2616,34,0,23,0,8.0,0.0,0.0,0.0,0.0,2025-08-12 08:04:41.504,0.0,0.0,0.0,0.0,0.0,0.0,0.012996941896024464,2582.0
MN,cass,_,2025-08-12,1393,1025,0,445,146,0.0,0.0,0.0,0.0,0.0,2025-08-12 08:04:41.504,1.0,18.0,20.0,0.0,0.0,3.0,0.7358219669777458,183.0
MN,otter_tail,_,2025-08-12,1208,1098,0,477,139,0.0,0.0,0.0,0.0,3.0,2025-08-12 08:04:41.504,17.0,57.0,29.0,0.0,0.0,2.0,0.9089403973509934,0.0
MN,st_louis,_,2025-08-12,2873,2100,0,830,420,0.0,0.0,1.0,0.0,3.0,2025-08-12 08:04:41.504,9.0,204.0,4.0,0.0,0.0,0.0,0.7309432648799165,136.0
MN,washington,city_of_cottage_grove,2025-08-12,87,57,0,29,5,0.0,0.0,0.0,0.0,1.0,2025-08-12 08:04:41.504,0.0,10.0,0.0,0.0,0.0,0.0,0.6551724137931034,15.0
MO,greene,city_of_springfield,2025-08-12,1990,1848,0,739,202,0.0,0.0,3.0,0.0,0.0,2025-08-12 08:04:41.504,12.0,16.0,72.0,20.0,0.0,3.0,0.928643216080402,0.0
MO,jackson,city_of_independence,2025-08-12,689,602,0,250,150,0.0,0.0,0.0,0.0,0.0,2025-08-12 08:04:41.504,9.0,59.0,6.0,3.0,0.0,0.0,0.8737300435413643,0.0
MO,st_louis,city_of_florissant,2025-08-12,141,111,0,77,6,0.0,0.0,0.0,0.0,0.0,2025-08-12 08:04:41.504,5.0,9.0,5.0,11.0,0.0,0.0,0.7872340425531915,0.0
MS,harrison,city_of_gulfport,2025-08-12,3495,10,0,5,0,5.0,0.0,0.0,0.0,0.0,2025-08-12 08:04:41.504,0.0,0.0,0.0,0.0,0.0,0.0,0.002861230329041488,3485.0
MS,jackson,city_of_moss_point,2025-08-12,10335,11,0,6,0,5.0,1.0,0.0,0.0,0.0,2025-08-12 08:04:41.504,,,,,,,0.0010643444605708758,10324.0
MT,carbon,city_of_red_lodge,2025-08-12,849,680,0,226,43,2.0,0.0,0.0,0.0,3.0,2025-08-12 08:04:41.504,1.0,20.0,0.0,0.0,0.0,2.0,0.800942285041225,105.0
MT,flathead,city_of_kalispell,2025-08-12,993,794,0,282,257,0.0,0.0,0.0,0.0,22.0,2025-08-12 08:04:41.504,7.0,30.0,0.0,0.0,0.0,3.0,0.7995971802618328,0.0
MT,flathead,city_of_whitefish,2025-08-12,2506,2198,0,817,61,1.0,0.0,4.0,0.0,128.0,2025-08-12 08:04:41.504,38.0,30.0,196.0,18.0,0.0,0.0,0.8770949720670391,0.0
MT,gallatin,city_of_bozeman,2025-08-12,2177,1938,0,864,204,0.0,3.0,13.0,0.0,22.0,2025-08-12 08:04:41.504,45.0,21.0,127.0,32.0,0.0,3.0,0.8902158934313276,0.0
MT,yellowstone,city_of_billings,2025-08-12,1668,1500,0,702,240,1.0,0.0,0.0,0.0,21.0,2025-08-12 08:04:41.504,14.0,51.0,59.0,8.0,0.0,0.0,0.8992805755395683,0.0
NC,avery,_,2025-08-12,7381,6056,1,1773,661,5.0,2.0,0.0,0.0,0.0,2025-08-12 08:04:41.504,21.0,127.0,172.0,12.0,0.0,6.0,0.8204850291288444,331.0
NC,buncombe,city_of_asheville,2025-08-12,6802,6064,0,2702,647,92.0,49.0,1.0,0.0,0.0,2025-08-12 08:04:41.504,63.0,250.0,66.0,7.0,1.0,4.0,0.8915024992649221,0.0
NC,mitchell,_,2025-08-12,701,619,0,261,82,0.0,0.0,0.0,0.0,0.0,2025-08-12 08:04:41.504,8.0,26.0,31.0,0.0,0.0,0.0,0.8830242510699001,0.0
NC,pitt,_,2025-08-12,623,9,0,6,0,4.0,0.0,0.0,0.0,0.0,2025-08-12 08:04:41.504,0.0,4.0,0.0,0.0,0.0,0.0,0.014446227929373997,610.0
NC,warren,_,2025-08-12,667,455,0,263,13,1.0,0.0,0.0,0.0,0.0,2025-08-12 08:04:41.504,0.0,17.0,0.0,0.0,7.0,0.0,0.6821589205397302,182.0
NE,lancaster,city_of_lincoln,2025-08-12,1817,58,0,18,0,22.0,0.0,53.0,0.0,0.0,2025-08-12 08:04:41.504,1.0,0.0,0.0,0.0,0.0,0.0,0.031920748486516236,1758.0
NH,belknap...town_of_meredith,_,2025-08-12,783,427,0,191,6,0.0,0.0,0.0,0.0,0.0,2025-08-12 08:04:41.504,0.0,38.0,0.0,0.0,0.0,3.0,0.545338441890166,312.0
NH,sullivan...town_of_sunapee,_,2025-08-12,399,371,0,176,16,0.0,0.0,0.0,0.0,2.0,2025-08-12 08:04:41.504,9.0,8.0,10.0,1.0,0.0,1.0,0.9298245614035088,0.0
NJ,atlantic,city_of_atlantic_city,2025-08-12,5492,4724,0,884,1916,97.0,38.0,0.0,0.0,78.0,2025-08-12 08:04:41.504,12.0,270.0,0.0,0.0,0.0,0.0,0.8601602330662782,0.0
NJ,cape_may,city_of_cape_may,2025-08-12,2482,2034,0,873,157,0.0,0.0,0.0,0.0,45.0,2025-08-12 08:04:41.504,2.0,102.0,0.0,0.0,0.0,4.0,0.8195004029008863,187.0
NJ,cape_may,city_of_ocean_city,2025-08-12,5180,18,0,14,0,7.0,24.0,0.0,0.0,0.0,2025-08-12 08:04:41.504,0.0,0.0,0.0,0.0,0.0,0.0,0.0034749034749034747,5162.0
NJ,hudson,city_of_jersey_city,2025-08-12,10395,29,0,12,2,14.0,3422.0,0.0,0.0,0.0,2025-08-12 08:04:41.504,0.0,1.0,0.0,0.0,1.0,0.0,0.0027898027898027897,10363.0
NJ,mercer,princeton,2025-08-12,535,26,0,14,0,4.0,0.0,0.0,0.0,0.0,2025-08-12 08:04:41.504,0.0,0.0,0.0,0.0,0.0,0.0,0.048598130841121495,509.0
NJ,monmouth...township_of_neptune,_,2025-08-12,930,652,0,227,138,3.0,0.0,0.0,0.0,17.0,2025-08-12 08:04:41.504,0.0,34.0,0.0,0.0,0.0,9.0,0.7010752688172043,106.0
NM,chaves,city_of_roswell,2025-08-12,504,352,0,138,153,0.0,0.0,0.0,0.0,1.0,2025-08-12 08:04:41.504,3.0,14.0,6.0,0.0,0.0,4.0,0.6984126984126984,0.0
NM,lincoln,_,2025-08-12,4922,4515,0,1543,97,1.0,0.0,0.0,0.0,3.0,2025-08-12 08:04:41.504,79.0,176.0,52.0,15.0,0.0,0.0,0.9173100365704998,0.0
NM,lincoln,village_of_ruidoso,2025-08-12,6549,5655,0,1695,272,78.0,6.0,0.0,0.0,28.0,2025-08-12 08:04:41.504,12.0,164.0,1.0,0.0,0.0,7.0,0.8634906092533211,445.0
NM,lincoln_assessor,_,2025-08-12,8021,6971,0,2109,325,80.0,0.0,0.0,0.0,0.0,2025-08-12 08:04:41.504,,,,,,,0.8690936292232889,725.0
NM,otero,village_of_cloudcroft,2025-08-12,549,525,0,192,13,0.0,0.0,0.0,0.0,0.0,2025-08-12 08:04:41.504,0.0,9.0,14.0,0.0,0.0,0.0,0.9562841530054644,0.0
NM,santa_fe,_,2025-08-12,2632,2070,4,805,176,0.0,0.0,0.0,0.0,0.0,2025-08-12 08:04:41.504,51.0,493.0,0.0,0.0,0.0,0.0,0.7864741641337386,0.0
NV,clark,city_of_henderson,2025-08-12,3665,369,0,175,1,0.0,0.0,10.0,0.0,0.0,2025-08-12 08:04:41.504,1.0,25.0,0.0,0.0,2.0,0.0,0.10068212824010914,3269.0
NV,clark,city_of_las_vegas,2025-08-12,12813,60,0,20,0,0.0,0.0,0.0,0.0,0.0,2025-08-12 08:04:41.504,0.0,0.0,0.0,0.0,0.0,1.0,0.004682744088035589,12753.0
NV,clark,city_of_north_las_vegas,2025-08-12,3308,30,0,21,0,0.0,0.0,0.0,0.0,0.0,2025-08-12 08:04:41.504,0.0,0.0,0.0,0.0,0.0,0.0,0.009068923821039904,3278.0
NV,douglas,_,2025-08-12,7875,7495,0,1131,4373,10.0,0.0,0.0,0.0,0.0,2025-08-12 08:04:41.504,36.0,138.0,12.0,3.0,0.0,4.0,0.9517460317460318,0.0
NV,nye,_,2025-08-12,786,62,0,35,5,0.0,0.0,0.0,0.0,0.0,2025-08-12 08:04:41.504,0.0,0.0,0.0,0.0,0.0,0.0,0.07888040712468193,719.0
NV,washoe,city_of_reno,2025-08-12,4599,8,0,7,2,0.0,0.0,0.0,0.0,0.0,2025-08-12 08:04:41.504,0.0,0.0,0.0,0.0,0.0,0.0,0.0017395085888236572,4589.0
NY,albany,_,2025-08-12,2533,51,0,32,3,0.0,0.0,0.0,0.0,0.0,2025-08-12 08:04:41.504,0.0,0.0,0.0,0.0,0.0,0.0,0.020134228187919462,2479.0
NY,chautauqua,_,2025-08-12,2301,35,0,25,0,0.0,0.0,0.0,0.0,0.0,2025-08-12 08:04:41.504,0.0,0.0,0.0,0.0,0.0,0.0,0.015210777922642329,2266.0
NY,clinton,_,2025-08-12,713,623,0,318,124,0.0,0.0,0.0,0.0,0.0,2025-08-12 08:04:41.504,4.0,80.0,0.0,0.0,0.0,0.0,0.8737727910238429,0.0
NY,columbia,city_of_hudson,2025-08-12,653,567,0,251,91,0.0,0.0,0.0,0.0,0.0,2025-08-12 08:04:41.504,7.0,58.0,8.0,0.0,0.0,0.0,0.8683001531393568,0.0
NY,columbia...town_of_chatham,_,2025-08-12,178,166,0,91,4,0.0,0.0,0.0,0.0,0.0,2025-08-12 08:04:41.504,4.0,1.0,6.0,0.0,0.0,0.0,0.9325842696629213,0.0
NY,columbia...town_of_copake,_,2025-08-12,406,378,0,191,24,0.0,0.0,0.0,0.0,0.0,2025-08-12 08:04:41.504,2.0,8.0,15.0,0.0,0.0,0.0,0.9310344827586207,0.0
NY,dutchess,_,2025-08-12,3152,64,0,25,0,0.0,0.0,7.0,0.0,0.0,2025-08-12 08:04:41.504,0.0,1.0,0.0,0.0,0.0,0.0,0.02030456852791878,3087.0
NY,erie,_,2025-08-12,2905,62,0,35,0,0.0,0.0,0.0,0.0,0.0,2025-08-12 08:04:41.504,0.0,0.0,0.0,0.0,0.0,0.0,0.02134251290877797,2843.0
NY,essex...town_of_north_elba,_,2025-08-12,2558,343,0,99,136,0.0,0.0,0.0,0.0,0.0,2025-08-12 08:04:41.504,0.0,0.0,0.0,0.0,0.0,0.0,0.13408913213448007,2079.0
NY,franklin,village_of_saranac_lake,2025-08-12,546,508,0,203,90,0.0,0.0,0.0,0.0,73.0,2025-08-12 08:04:41.504,5.0,12.0,15.0,0.0,0.0,0.0,0.9304029304029304,0.0
NY,fulton,_,2025-08-12,759,667,0,346,88,0.0,0.0,0.0,0.0,0.0,2025-08-12 08:04:41.504,11.0,66.0,0.0,0.0,5.0,0.0,0.8787878787878788,0.0
NY,greene,_,2025-08-12,6606,2120,0,889,159,0.0,0.0,0.0,0.0,0.0,2025-08-12 08:04:41.504,0.0,0.0,0.0,0.0,0.0,1.0,0.3209203754162882,4327.0
NY,greene,village_of_catskill,2025-08-12,220,151,0,72,6,0.0,0.0,0.0,0.0,0.0,2025-08-12 08:04:41.504,0.0,15.0,6.0,0.0,0.0,0.0,0.6863636363636364,42.0
NY,greene...town_of_catskill,_,2025-08-12,875,156,0,75,5,0.0,0.0,0.0,0.0,0.0,2025-08-12 08:04:41.504,0.0,0.0,0.0,0.0,0.0,0.0,0.1782857142857143,714.0
NY,greene...town_of_hunter,_,2025-08-12,1710,1451,0,591,112,0.0,0.0,0.0,0.0,16.0,2025-08-12 08:04:41.504,24.0,230.0,1.0,0.0,0.0,0.0,0.8485380116959065,0.0
NY,greene...town_of_jewett,_,2025-08-12,526,430,0,188,22,0.0,0.0,0.0,0.0,8.0,2025-08-12 08:04:41.504,5.0,17.0,18.0,0.0,0.0,0.0,0.8174904942965779,34.0
NY,monroe...town_of_greece,_,2025-08-12,290,269,0,152,61,0.0,0.0,0.0,0.0,0.0,2025-08-12 08:04:41.504,3.0,6.0,2.0,2.0,0.0,0.0,0.9275862068965517,0.0
NY,niagara,_,2025-08-12,4229,104,0,43,0,0.0,0.0,0.0,0.0,0.0,2025-08-12 08:04:41.504,0.0,0.0,0.0,0.0,0.0,0.0,0.024592102151808938,4125.0
NY,niagara,city_of_niagara_falls,2025-08-12,3044,102,0,41,0,0.0,0.0,0.0,0.0,0.0,2025-08-12 08:04:41.504,0.0,0.0,0.0,0.0,0.0,3.0,0.03350854139290407,2942.0
NY,oneida,_,2025-08-12,1387,51,0,26,0,0.0,0.0,0.0,0.0,0.0,2025-08-12 08:04:41.504,0.0,0.0,0.0,0.0,0.0,0.0,0.03677000720980533,1336.0
NY,onondaga,_,2025-08-12,1772,241,0,134,16,,,,,,,,,,,,,0.13600451467268623,1515.0
NY,onondaga...town_of_skaneateles,_,2025-08-12,290,270,0,154,19,0.0,0.0,0.0,0.0,1.0,2025-08-12 08:04:41.504,5.0,7.0,2.0,6.0,0.0,0.0,0.9310344827586207,0.0
NY,ontario,_,2025-08-12,2322,396,0,206,44,24.0,0.0,0.0,0.0,0.0,2025-08-12 08:04:41.504,0.0,0.0,0.0,0.0,0.0,0.0,0.17054263565891473,1882.0
NY,ontario,city_of_geneva,2025-08-12,350,339,0,168,40,0.0,0.0,0.0,0.0,10.0,2025-08-12 08:04:41.504,0.0,5.0,6.0,0.0,0.0,0.0,0.9685714285714285,0.0
NY,orange,city_of_newburgh,2025-08-12,338,305,0,141,0,0.0,0.0,0.0,0.0,1.0,2025-08-12 08:04:41.504,2.0,13.0,9.0,7.0,0.0,0.0,0.9023668639053254,2.0
NY,orange...town_of_chester,_,2025-08-12,127,120,0,51,5,0.0,0.0,0.0,0.0,0.0,2025-08-12 08:04:41.504,1.0,6.0,0.0,0.0,0.0,0.0,0.9448818897637795,0.0
NY,rockland,_,2025-08-12,894,376,0,157,139,4.0,0.0,0.0,0.0,0.0,2025-08-12 08:04:41.504,0.0,76.0,0.0,0.0,0.0,0.0,0.42058165548098436,303.0
NY,saratoga,_,2025-08-12,3704,142,0,78,13,26.0,4.0,0.0,0.0,0.0,2025-08-12 08:04:41.504,0.0,0.0,0.0,0.0,0.0,0.0,0.03833693304535637,3549.0
NY,saratoga,city_of_saratoga_springs,2025-08-12,3269,38,0,23,0,11.0,27.0,0.0,0.0,0.0,2025-08-12 08:04:41.504,0.0,0.0,0.0,0.0,0.0,0.0,0.011624349954114408,3231.0
NY,suffolk,_,2025-08-12,29917,18963,0,8707,1267,12.0,0.0,39.0,0.0,112.0,2025-08-12 08:04:41.504,22.0,1093.0,0.0,0.0,3.0,0.0,0.6338536617976401,8572.0
NY,suffolk,village_of_ocean_beach,2025-08-12,562,488,0,237,6,0.0,0.0,0.0,0.0,0.0,2025-08-12 08:04:41.504,23.0,11.0,40.0,0.0,0.0,0.0,0.8683274021352313,0.0
NY,suffolk...town_of_babylon,_,2025-08-12,528,399,0,200,25,0.0,0.0,0.0,0.0,0.0,2025-08-12 08:04:41.504,9.0,22.0,90.0,0.0,0.0,0.0,0.7556818181818182,0.0
NY,suffolk...town_of_southold,_,2025-08-12,2620,2313,0,1138,125,0.0,0.0,0.0,0.0,0.0,2025-08-12 08:04:41.504,65.0,224.0,0.0,0.0,0.0,0.0,0.882824427480916,0.0
NY,sullivan,_,2025-08-12,5022,4017,0,1748,583,0.0,0.0,0.0,0.0,18.0,2025-08-12 08:04:41.504,6.0,265.0,114.0,2.0,0.0,0.0,0.7998805256869773,35.0
NY,ulster,_,2025-08-12,8725,73,0,35,14,6.0,3.0,0.0,0.0,0.0,2025-08-12 08:04:41.504,0.0,0.0,0.0,0.0,0.0,0.0,0.00836676217765043,8638.0
NY,warren,_,2025-08-12,6033,294,0,147,45,10.0,1.0,0.0,0.0,0.0,2025-08-12 08:04:41.504,0.0,0.0,0.0,0.0,0.0,0.0,0.048731974142217804,5694.0
NY,warren,city_of_glens_falls,2025-08-12,256,221,0,95,7,0.0,0.0,0.0,0.0,0.0,2025-08-12 08:04:41.504,1.0,21.0,12.0,0.0,0.0,0.0,0.86328125,0.0
NY,washington,_,2025-08-12,1113,661,0,341,106,2.0,0.0,0.0,0.0,0.0,2025-08-12 08:04:41.504,3.0,103.0,0.0,0.0,0.0,3.0,0.5938903863432166,240.0
NY,yates,_,2025-08-12,2024,1306,0,563,202,55.0,0.0,0.0,0.0,0.0,2025-08-12 08:04:41.504,4.0,142.0,0.0,0.0,0.0,0.0,0.6452569169960475,370.0
OH,ashland,_,2025-08-12,377,338,0,153,73,0.0,0.0,0.0,0.0,0.0,2025-08-12 08:04:41.504,3.0,10.0,15.0,0.0,0.0,0.0,0.896551724137931,0.0
OH,erie,city_of_sandusky,2025-08-12,917,796,0,256,197,0.0,0.0,0.0,0.0,0.0,2025-08-12 08:04:41.504,13.0,13.0,80.0,11.0,0.0,1.0,0.8680479825517994,0.0
OH,erie,village_of_kelleys_island,2025-08-05,233,216,0,95,83,0.0,0.0,0.0,0.0,0.0,2025-08-12 08:04:41.504,2.0,15.0,0.0,0.0,0.0,0.0,0.927038626609442,0.0
OH,fairfield2,_,2025-08-12,961,832,0,393,148,2.0,0.0,0.0,0.0,3.0,2025-08-12 08:04:41.504,2.0,22.0,32.0,9.0,0.0,0.0,0.8657648283038502,0.0
OH,hocking,_,2025-08-12,3767,3450,0,1083,134,1.0,4.0,0.0,0.0,859.0,2025-08-12 08:04:41.504,11.0,171.0,49.0,33.0,0.0,0.0,0.9158481550305283,0.0
OH,jackson,_,2025-08-12,166,140,0,67,17,0.0,0.0,0.0,0.0,1.0,2025-08-12 08:04:41.504,5.0,8.0,13.0,0.0,0.0,0.0,0.8433734939759037,0.0
OH,logan,_,2025-08-12,594,374,0,203,14,0.0,0.0,0.0,0.0,0.0,2025-08-12 08:04:41.504,0.0,38.0,0.0,0.0,0.0,8.0,0.6296296296296297,168.0
OH,muskingum,_,2025-08-12,275,248,0,108,57,0.0,0.0,0.0,0.0,0.0,2025-08-12 08:04:41.504,5.0,1.0,8.0,6.0,0.0,0.0,0.9018181818181819,0.0
OH,ottawa,_,2025-08-12,2330,1726,0,658,301,9.0,0.0,0.0,0.0,8.0,2025-08-12 08:04:41.504,2.0,175.0,9.0,0.0,0.0,0.0,0.7407725321888412,117.0
OH,ottawa...township_of_put_in_bay,_,2025-08-12,938,886,0,195,205,1.0,0.0,0.0,0.0,0.0,2025-08-12 08:04:41.504,2.0,20.0,0.0,0.0,0.0,0.0,0.9445628997867804,0.0
OH,pickaway,_,2025-08-12,107,96,0,61,14,0.0,0.0,0.0,0.0,0.0,2025-08-12 08:04:41.504,1.0,4.0,5.0,0.0,0.0,0.0,0.897196261682243,0.0
OH,ross,_,2025-08-12,333,299,0,128,51,1.0,0.0,0.0,0.0,8.0,2025-08-12 08:04:41.504,1.0,6.0,7.0,1.0,0.0,0.0,0.8978978978978979,0.0
OH,stark,_,2025-08-12,934,726,0,320,120,1.0,0.0,0.0,0.0,0.0,2025-08-12 08:04:41.504,0.0,42.0,5.0,0.0,0.0,0.0,0.7773019271948608,41.0
OH,trumbull,_,2025-08-12,354,323,0,162,55,0.0,0.0,0.0,0.0,0.0,2025-08-12 08:04:41.504,1.0,4.0,21.0,6.0,1.0,0.0,0.9124293785310734,0.0
OH,tuscarawas,_,2025-08-12,427,404,0,208,62,0.0,0.0,0.0,0.0,0.0,2025-08-12 08:04:41.504,0.0,8.0,16.0,2.0,0.0,0.0,0.9461358313817331,0.0
OH,union,_,2025-08-12,102,83,0,58,19,0.0,0.0,0.0,0.0,0.0,2025-08-12 08:04:41.504,3.0,11.0,6.0,0.0,0.0,0.0,0.8137254901960784,0.0
OH,vinton,_,2025-08-12,587,510,0,210,64,0.0,0.0,0.0,0.0,5.0,2025-08-12 08:04:41.504,1.0,20.0,28.0,4.0,0.0,0.0,0.868824531516184,0.0
OH,washington,_,2025-08-12,209,166,0,88,33,0.0,0.0,0.0,0.0,0.0,2025-08-12 08:04:41.504,1.0,9.0,0.0,0.0,0.0,0.0,0.7942583732057417,0.0
OK,cleveland,city_of_norman,2025-08-12,1378,1220,0,678,115,0.0,0.0,1.0,0.0,22.0,2025-08-12 08:04:41.504,14.0,60.0,72.0,1.0,0.0,0.0,0.8853410740203193,0.0
OK,comanche,city_of_lawton,2025-08-12,1186,941,0,345,51,0.0,0.0,0.0,0.0,11.0,2025-08-12 08:04:41.504,0.0,28.0,8.0,0.0,0.0,0.0,0.7934232715008431,158.0
OK,oklahoma,city_of_edmond,2025-08-12,717,655,0,361,35,0.0,0.0,0.0,0.0,0.0,2025-08-12 08:04:41.504,8.0,4.0,29.0,9.0,0.0,0.0,0.9135285913528591,0.0
OK,oklahoma,city_of_oklahoma_city,2025-08-12,8009,4960,0,1879,811,6.0,0.0,7.0,0.0,15.0,2025-08-12 08:04:41.504,2.0,367.0,0.0,0.0,0.0,4.0,0.6193032838057185,1869.0
OK,tulsa,city_of_broken_arrow,2025-08-12,669,62,0,28,0,6.0,0.0,2.0,0.0,0.0,2025-08-12 08:04:41.504,0.0,5.0,0.0,0.0,0.0,0.0,0.09267563527653214,602.0
OK,tulsa,city_of_tulsa,2025-08-12,5406,148,0,72,0,10.0,5.0,396.0,0.0,1.0,2025-08-12 08:04:41.504,0.0,3.0,0.0,0.0,0.0,0.0,0.02737698853126156,5255.0
OR,benton,_,2025-08-12,762,361,0,199,38,0.0,0.0,0.0,0.0,0.0,2025-08-12 08:04:41.504,0.0,100.0,0.0,0.0,3.0,0.0,0.473753280839895,263.0
OR,clackamas,city_of_lake_oswego,2025-08-12,806,33,0,12,0,3.0,0.0,0.0,0.0,0.0,2025-08-12 08:04:41.504,0.0,0.0,0.0,0.0,0.0,0.0,0.04094292803970223,773.0
OR,clatsop,_,2025-08-12,4823,3540,0,772,1156,5.0,52.0,0.0,0.0,0.0,2025-08-12 08:04:41.504,0.0,0.0,0.0,0.0,0.0,0.0,0.7339829981339415,127.0
OR,clatsop,city_of_cannon_beach,2025-08-12,937,860,0,275,189,0.0,0.0,0.0,1.0,5.0,2025-08-12 08:04:41.504,0.0,10.0,2.0,0.0,0.0,0.0,0.9178228388473852,0.0
OR,clatsop,city_of_seaside,2025-08-12,3557,3328,0,588,1182,2.0,1.0,0.0,0.0,24.0,2025-08-12 08:04:41.504,9.0,30.0,26.0,0.0,0.0,3.0,0.9356199044138319,0.0
OR,crook,_,2025-08-12,393,9,0,6,1,1.0,0.0,0.0,0.0,0.0,2025-08-12 08:04:41.504,0.0,0.0,0.0,0.0,0.0,0.0,0.022900763358778626,383.0
OR,deschutes,city_of_sisters,2025-08-12,538,65,0,20,0,25.0,0.0,0.0,0.0,0.0,2025-08-12 08:04:41.504,0.0,0.0,0.0,0.0,0.0,0.0,0.120817843866171,473.0
OR,hood_river,city_of_hood_river,2025-08-12,1006,822,0,259,78,0.0,0.0,14.0,0.0,38.0,2025-08-12 08:04:41.504,1.0,34.0,0.0,0.0,0.0,0.0,0.8170974155069582,71.0
OR,jackson,city_of_ashland,2025-08-12,1164,133,0,17,100,69.0,0.0,0.0,0.0,0.0,2025-08-12 08:04:41.504,0.0,0.0,0.0,0.0,0.0,0.0,0.11426116838487972,931.0
OR,jackson,city_of_medford,2025-08-12,1113,44,0,9,0,16.0,1.0,0.0,0.0,0.0,2025-08-12 08:04:41.504,0.0,0.0,0.0,0.0,0.0,0.0,0.039532794249775384,1069.0
OR,klamath,city_of_klamath_falls,2025-08-12,477,439,0,168,77,0.0,0.0,0.0,0.0,1.0,2025-08-12 08:04:41.504,1.0,19.0,7.0,2.0,0.0,0.0,0.9203354297693921,0.0
OR,lane,city_of_eugene,2025-08-12,4918,15,0,8,0,8.0,4.0,0.0,0.0,0.0,2025-08-12 08:04:41.504,0.0,1.0,0.0,0.0,0.0,0.0,0.0030500203334688897,4902.0
OR,yamhill,city_of_newberg,2025-08-12,307,257,0,107,10,0.0,0.0,0.0,0.0,0.0,2025-08-12 08:04:41.504,0.0,6.0,5.0,0.0,0.0,0.0,0.8371335504885994,29.0
PA,carbon...township_of_penn_forest,_,2025-08-12,2119,2043,0,776,37,0.0,0.0,1.0,0.0,13.0,2025-08-12 08:04:41.504,15.0,36.0,13.0,0.0,0.0,0.0,0.9641340254837187,0.0
PA,centre,_,2025-08-12,4070,3079,0,1956,227,0.0,0.0,0.0,0.0,1.0,2025-08-12 08:04:41.504,20.0,246.0,117.0,9.0,0.0,0.0,0.7565110565110565,372.0
PA,centre...borough_of_state_college,_,2025-08-12,705,476,0,327,23,0.0,0.0,0.0,0.0,0.0,2025-08-12 08:04:41.504,6.0,63.0,0.0,0.0,0.0,0.0,0.675177304964539,137.0
PA,centre...township_of_college,_,2025-08-12,454,345,0,236,28,0.0,0.0,0.0,0.0,10.0,2025-08-12 08:04:41.504,2.0,1.0,27.0,0.0,0.0,0.0,0.7599118942731278,51.0
PA,lancaster,city_of_lancaster,2025-08-12,912,832,0,400,40,1.0,0.0,0.0,0.0,1.0,2025-08-12 08:04:41.504,0.0,44.0,23.0,8.0,0.0,0.0,0.9122807017543859,0.0
PA,monroe...township_of_middle_smithfield,_,2025-08-12,1088,795,0,263,105,0.0,24.0,1.0,0.0,0.0,2025-08-12 08:04:41.504,0.0,89.0,0.0,0.0,0.0,5.0,0.7306985294117647,99.0
PR,camuy,_,2025-08-12,244,0,0,0,0,0.0,0.0,0.0,0.0,0.0,2025-08-12 08:04:41.504,0.0,0.0,0.0,0.0,0.0,0.0,0.0,244.0
PR,san_juan,_,2025-08-12,3557,963,43,141,78,21.0,0.0,0.0,0.0,0.0,2025-08-12 08:04:41.504,0.0,34.0,2.0,0.0,1.0,14.0,0.2707337644082092,2437.0
RI,newport...town_of_jamestown,_,2025-08-12,614,439,0,110,247,0.0,0.0,0.0,1.0,7.0,2025-08-12 08:04:41.504,0.0,12.0,0.0,0.0,0.0,0.0,0.7149837133550488,0.0
RI,providence,city_of_east_providence,2025-08-12,307,168,0,76,22,0.0,0.0,0.0,0.0,0.0,2025-08-12 08:04:41.504,0.0,9.0,0.0,0.0,0.0,3.0,0.5472312703583062,108.0
RI,washington...town_of_narragansett,_,2025-08-12,2966,53,0,30,0,12.0,0.0,0.0,0.0,0.0,2025-08-12 08:04:41.504,0.0,0.0,0.0,0.0,0.0,0.0,0.01786918408631153,2913.0
SC,beaufort,town_of_port_royal,2025-08-12,592,532,0,236,41,0.0,0.0,0.0,0.0,9.0,2025-08-12 08:04:41.504,6.0,31.0,11.0,0.0,0.0,2.0,0.8986486486486487,0.0
SC,charleston,_,2025-08-12,35731,32955,2,10134,2507,185.0,2.0,20.0,0.0,110.0,2025-08-12 08:04:41.504,8.0,146.0,121.0,0.0,0.0,0.0,0.9223083596876662,0.0
SC,charleston,city_of_charleston,2025-08-12,10042,9326,1,2877,1513,0.0,2.0,1.0,3.0,194.0,2025-08-12 08:04:41.504,109.0,191.0,248.0,12.0,1.0,1.0,0.9286994622585142,0.0
SC,charleston,city_of_folly_beach,2025-08-12,4373,4181,0,1146,140,0.0,0.0,4.0,0.0,194.0,2025-08-12 08:04:41.504,107.0,8.0,46.0,8.0,0.0,0.0,0.9560942144980562,0.0
SC,charleston,city_of_isle_of_palms,2025-08-12,6460,6236,0,1820,16,0.0,0.0,1.0,0.0,376.0,2025-08-12 08:04:41.504,102.0,75.0,16.0,0.0,0.0,0.0,0.9653250773993808,15.0
SC,charleston,city_of_north_charleston,2025-08-12,4214,3906,0,1428,354,2.0,0.0,5.0,0.0,14.0,2025-08-12 08:04:41.504,33.0,36.0,176.0,0.0,0.0,0.0,0.9269102990033222,0.0
SC,charleston,town_of_mount_pleasant,2025-08-12,2503,2363,0,1001,230,0.0,0.0,0.0,0.0,253.0,2025-08-12 08:04:41.504,27.0,48.0,50.0,3.0,0.0,0.0,0.944067119456652,0.0
SC,dorchester,town_of_summerville,2025-08-12,731,651,0,332,67,0.0,0.0,0.0,0.0,39.0,2025-08-12 08:04:41.504,10.0,15.0,26.0,16.0,0.0,0.0,0.8905608755129959,0.0
SC,greenville,city_of_greenville,2025-08-12,2559,59,0,22,1,15.0,0.0,0.0,0.0,0.0,2025-08-12 08:04:41.504,0.0,7.0,0.0,0.0,0.0,0.0,0.023055881203595155,2492.0
SC,horry,city_of_north_myrtle_beach,2025-08-12,33876,17,0,7,0,21.0,36.0,0.0,0.0,0.0,2025-08-12 08:04:41.504,0.0,0.0,0.0,0.0,0.0,0.0,0.0005018302042744126,33859.0
SC,horry,town_of_surfside_beach,2025-08-12,4870,28,0,9,0,25.0,6.0,0.0,0.0,0.0,2025-08-12 08:04:41.504,0.0,0.0,0.0,0.0,0.0,0.0,0.005749486652977412,4842.0
SC,richland,city_of_columbia,2025-08-12,3349,2928,0,1352,205,0.0,0.0,2.0,0.0,16.0,2025-08-12 08:04:41.504,33.0,119.0,237.0,3.0,0.0,5.0,0.8742908330845028,0.0
SD,lawrence,city_of_deadwood,2025-08-12,457,442,0,163,86,0.0,0.0,0.0,0.0,3.0,2025-08-12 08:04:41.504,9.0,3.0,3.0,0.0,0.0,0.0,0.9671772428884027,0.0
SD,lawrence,city_of_lead,2025-08-12,610,565,0,207,60,0.0,0.0,0.0,0.0,1.0,2025-08-12 08:04:41.504,3.0,17.0,14.0,14.0,0.0,0.0,0.9262295081967213,0.0
SD,minnehaha,city_of_sioux_falls,2025-08-12,1612,22,0,22,0,12.0,0.0,0.0,0.0,0.0,2025-08-12 08:04:41.504,0.0,0.0,0.0,0.0,0.0,0.0,0.013647642679900745,1590.0
TN,anderson,_,2025-08-12,723,512,0,224,70,0.0,0.0,0.0,0.0,0.0,2025-08-12 08:04:41.504,0.0,39.0,0.0,0.0,0.0,0.0,0.7081604426002767,102.0
TN,blount,_,2025-08-12,3103,2819,0,941,510,0.0,0.0,0.0,0.0,0.0,2025-08-12 08:04:41.504,36.0,157.0,69.0,1.0,1.0,0.0,0.9084756687077022,0.0
TN,monroe,_,2025-08-12,777,534,0,165,152,1.0,0.0,0.0,0.0,0.0,2025-08-12 08:04:41.504,0.0,53.0,1.0,0.0,0.0,0.0,0.6872586872586872,37.0
TN,putnam,_,2025-08-12,662,513,0,226,140,1.0,7.0,0.0,0.0,0.0,2025-08-12 08:04:41.504,0.0,54.0,0.0,0.0,0.0,0.0,0.7749244712990937,0.0
TN,rhea,_,2025-08-12,488,383,0,159,59,0.0,0.0,0.0,0.0,0.0,2025-08-12 08:04:41.504,0.0,30.0,0.0,0.0,1.0,0.0,0.7848360655737705,16.0
TN,roane,_,2025-08-12,434,298,0,127,85,0.0,28.0,0.0,0.0,0.0,2025-08-12 08:04:41.504,0.0,18.0,0.0,0.0,0.0,0.0,0.6866359447004609,33.0
TN,stewart,_,2025-08-12,220,141,0,60,14,10.0,2.0,0.0,0.0,0.0,2025-08-12 08:04:41.504,4.0,8.0,0.0,0.0,0.0,0.0,0.6409090909090909,53.0
TN,sumner,city_of_hendersonville,2025-08-12,699,313,0,158,18,0.0,0.0,0.0,0.0,0.0,2025-08-12 08:04:41.504,0.0,29.0,0.0,0.0,0.0,7.0,0.44778254649499283,339.0
TX,angelina,_,2025-08-12,490,450,0,244,67,1.0,0.0,0.0,0.0,12.0,2025-08-12 08:04:41.504,2.0,0.0,21.0,0.0,0.0,1.0,0.9183673469387755,0.0
TX,aransas,city_of_rockport,2025-08-12,4091,3897,0,1107,347,1.0,0.0,5.0,0.0,45.0,2025-08-12 08:04:41.504,32.0,43.0,36.0,5.0,1.0,8.0,0.9525788315815205,0.0
TX,bastrop,_,2025-08-12,1559,1288,0,614,217,0.0,0.0,0.0,0.0,0.0,2025-08-12 08:04:41.504,16.0,108.0,38.0,0.0,1.0,0.0,0.826170622193714,0.0
TX,bosque,_,2025-08-12,539,447,0,189,92,0.0,0.0,0.0,0.0,0.0,2025-08-12 08:04:41.504,1.0,22.0,5.0,12.0,1.0,0.0,0.8293135435992579,0.0
TX,bowie,city_of_texarkana,2025-08-12,358,326,0,141,106,0.0,0.0,0.0,0.0,0.0,2025-08-12 08:04:41.504,0.0,15.0,8.0,5.0,0.0,0.0,0.9106145251396648,0.0
TX,brazos,city_of_college_station,2025-08-12,2710,2344,0,1197,182,0.0,0.0,3.0,2.0,61.0,2025-08-12 08:04:41.504,21.0,45.0,192.0,17.0,0.0,4.0,0.8649446494464945,0.0
TX,brewster,city_of_alpine,2025-08-12,450,404,0,120,104,0.0,0.0,1.0,0.0,10.0,2025-08-12 08:04:41.504,0.0,11.0,0.0,0.0,0.0,0.0,0.8977777777777778,0.0
TX,burnet,_,2025-08-12,3260,2895,3,953,291,0.0,0.0,0.0,0.0,9.0,2025-08-12 08:04:41.504,25.0,60.0,47.0,1.0,0.0,2.0,0.8880368098159509,0.0
TX,cameron,_,2025-08-12,17945,15908,1,4677,552,110.0,28.0,0.0,0.0,0.0,2025-08-12 08:04:41.504,91.0,722.0,20.0,0.0,0.0,1.0,0.8864864864864865,651.0
TX,cameron,town_of_south_padre_island,2025-08-12,13671,12580,0,3257,139,101.0,27.0,140.0,5.0,330.0,2025-08-12 08:04:41.504,1.0,654.0,182.0,1.0,1.0,2.0,0.9201960354034087,114.0
TX,collin,city_of_plano,2025-08-12,5643,5037,0,1045,738,0.0,0.0,0.0,1.0,6.0,2025-08-12 08:04:41.504,55.0,379.0,92.0,22.0,0.0,1.0,0.8926103136629452,0.0
TX,comal,city_of_new_braunfels,2025-08-12,3981,3542,0,905,519,0.0,9.0,0.0,0.0,214.0,2025-08-12 08:04:41.504,25.0,95.0,227.0,9.0,1.0,1.0,0.8897261994473751,0.0
TX,comanche,_,2025-08-12,116,109,0,45,32,0.0,0.0,0.0,0.0,0.0,2025-08-12 08:04:41.504,1.0,1.0,3.0,0.0,0.0,0.0,0.9396551724137931,0.0
TX,dallas,city_of_dallas,2025-08-12,36597,6267,23,1319,772,2864.0,7456.0,0.0,0.0,0.0,2025-08-12 08:04:41.504,16.0,125.0,2.0,0.0,6.0,0.0,0.1712435445528322,29392.0
TX,dallas,city_of_duncanville,2025-08-12,319,41,3,19,4,11.0,19.0,0.0,0.0,0.0,2025-08-12 08:04:41.504,0.0,0.0,0.0,0.0,0.0,0.0,0.12852664576802508,271.0
TX,dallas,city_of_grand_prairie,2025-08-12,2443,1779,0,670,192,8.0,2.0,1.0,1.0,12.0,2025-08-12 08:04:41.504,6.0,236.0,4.0,0.0,0.0,2.0,0.7282030290626279,226.0
TX,dallas,city_of_irving,2025-08-12,4042,1509,31,288,319,200.0,69.0,0.0,0.0,0.0,2025-08-12 08:04:41.504,0.0,25.0,0.0,0.0,4.0,0.0,0.37333003463631864,2158.0
TX,dallas,city_of_rowlett,2025-08-12,631,566,0,237,18,1.0,0.0,0.0,0.0,0.0,2025-08-12 08:04:41.504,5.0,33.0,14.0,0.0,0.0,0.0,0.8969889064976229,0.0
TX,denton,_,2025-08-12,4195,1822,0,427,54,23.0,45.0,0.0,0.0,0.0,2025-08-12 08:04:41.504,0.0,0.0,0.0,0.0,2.0,0.0,0.434326579261025,2319.0
TX,denton,city_of_aubrey,2025-08-12,117,5,0,1,0,,,,,,,,,,,,,0.042735042735042736,112.0
TX,denton,city_of_carrollton,2025-08-12,2057,1860,0,498,46,0.0,0.0,0.0,0.0,1.0,2025-08-12 08:04:41.504,18.0,32.0,123.0,8.0,0.0,0.0,0.904229460379193,0.0
TX,denton,city_of_denton,2025-08-12,1274,1068,0,384,138,0.0,0.0,0.0,0.0,11.0,2025-08-12 08:04:41.504,23.0,69.0,79.0,8.0,0.0,0.0,0.8383045525902669,0.0
TX,denton,city_of_little_elm,2025-08-12,932,153,0,64,0,6.0,8.0,1.0,0.0,1.0,2025-08-12 08:04:41.504,0.0,4.0,0.0,0.0,0.0,0.0,0.16416309012875535,775.0
TX,denton,town_of_northlake,2025-08-12,132,96,0,31,21,0.0,0.0,0.0,0.0,0.0,2025-08-12 08:04:41.504,0.0,5.0,0.0,0.0,0.0,0.0,0.7272727272727273,10.0
TX,fort_bend,city_of_sugar_land,2025-08-12,954,757,0,187,99,0.0,0.0,0.0,0.0,0.0,2025-08-12 08:04:41.504,1.0,33.0,19.0,0.0,0.0,0.0,0.7935010482180294,45.0
TX,galveston,city_of_galveston,2025-08-12,22654,21477,0,6114,990,0.0,0.0,127.0,0.0,373.0,2025-08-12 08:04:41.504,240.0,370.0,54.0,25.0,0.0,0.0,0.9480444954533416,0.0
TX,galveston,city_of_league_city,2025-08-12,779,660,0,262,67,0.0,0.0,0.0,0.0,22.0,2025-08-12 08:04:41.504,14.0,12.0,47.0,2.0,0.0,0.0,0.8472400513478819,0.0
TX,harris,city_of_la_porte,2025-08-12,299,264,0,119,37,1.0,0.0,0.0,0.0,0.0,2025-08-12 08:04:41.504,4.0,25.0,1.0,0.0,0.0,1.0,0.882943143812709,0.0
TX,hays,city_of_dripping_springs,2025-08-12,1201,1098,0,427,98,0.0,0.0,0.0,0.0,9.0,2025-08-12 08:04:41.504,12.0,10.0,33.0,31.0,0.0,0.0,0.9142381348875936,0.0
TX,hays,city_of_wimberley,2025-08-12,1383,1306,0,262,324,0.0,0.0,0.0,0.0,0.0,2025-08-12 08:04:41.504,3.0,50.0,7.0,1.0,0.0,0.0,0.9443239334779465,0.0
TX,hidalgo,city_of_mcallen,2025-08-12,2112,1277,0,587,246,4.0,0.0,0.0,0.0,3.0,2025-08-12 08:04:41.504,1.0,121.0,109.0,1.0,0.0,0.0,0.6046401515151515,357.0
TX,kleberg,_,2025-08-12,197,144,0,68,65,3.0,0.0,0.0,0.0,0.0,2025-08-12 08:04:41.504,0.0,4.0,3.0,0.0,0.0,0.0,0.7309644670050761,0.0
TX,kleberg,city_of_kingsville,2025-08-12,101,79,0,34,52,3.0,0.0,0.0,0.0,0.0,2025-08-12 08:04:41.504,,,,,,,0.7821782178217822,0.0
TX,llano,_,2025-08-12,3568,3273,0,1102,762,3.0,0.0,1.0,0.0,39.0,2025-08-12 08:04:41.504,51.0,91.0,57.0,6.0,0.0,6.0,0.9173206278026906,0.0
TX,lubbock,city_of_lubbock,2025-08-12,3682,2925,0,1462,252,0.0,0.0,1.0,0.0,34.0,2025-08-12 08:04:41.504,37.0,233.0,3.0,0.0,0.0,8.0,0.7944052145573058,232.0
TX,mclennan,city_of_hewitt,2025-08-12,85,73,0,41,12,1.0,1.0,0.0,0.0,0.0,2025-08-12 08:04:41.504,0.0,1.0,0.0,0.0,0.0,0.0,0.8588235294117647,0.0
TX,midland,city_of_midland,2025-08-12,1781,50,0,32,0,17.0,0.0,1.0,0.0,2.0,2025-08-12 08:04:41.504,0.0,1.0,0.0,0.0,0.0,0.0,0.02807411566535654,1730.0
TX,nacogdoches,city_of_nacogdoches,2025-08-12,308,274,0,136,57,0.0,0.0,0.0,0.0,0.0,2025-08-12 08:04:41.504,0.0,8.0,12.0,0.0,0.0,0.0,0.8896103896103896,0.0
TX,potter,city_of_amarillo,2025-08-12,1934,1787,0,782,383,0.0,0.0,0.0,0.0,0.0,2025-08-12 08:04:41.504,9.0,48.0,68.0,11.0,0.0,0.0,0.9239917269906929,0.0
TX,randall,city_of_canyon,2025-08-12,234,208,0,107,11,0.0,0.0,0.0,0.0,0.0,2025-08-12 08:04:41.504,0.0,11.0,12.0,1.0,0.0,0.0,0.8888888888888888,0.0
TX,real,_,2025-08-12,667,611,0,180,166,0.0,0.0,0.0,0.0,5.0,2025-08-12 08:04:41.504,5.0,13.0,28.0,4.0,0.0,1.0,0.9160419790104948,0.0
TX,smith,city_of_tyler,2025-08-12,908,826,0,369,171,1.0,0.0,0.0,0.0,0.0,2025-08-12 08:04:41.504,3.0,28.0,37.0,1.0,0.0,0.0,0.9096916299559471,0.0
TX,tarrant,city_of_euless,2025-08-12,1136,929,0,261,56,0.0,0.0,0.0,0.0,0.0,2025-08-12 08:04:41.504,28.0,118.0,13.0,0.0,0.0,0.0,0.8177816901408451,0.0
TX,tarrant,city_of_fort_worth,2025-08-12,11010,9476,0,2832,1033,28.0,3.0,0.0,0.0,0.0,2025-08-12 08:04:41.504,28.0,461.0,350.0,12.0,0.0,3.0,0.8606721162579474,0.0
TX,tarrant,city_of_grapevine,2025-08-12,1117,973,0,207,140,0.0,0.0,0.0,0.0,3.0,2025-08-12 08:04:41.504,31.0,46.0,5.0,2.0,0.0,1.0,0.8710832587287377,0.0
TX,tarrant,city_of_haltom_city,2025-08-12,535,486,0,146,137,0.0,0.0,0.0,0.0,0.0,2025-08-12 08:04:41.504,2.0,38.0,1.0,0.0,0.0,0.0,0.908411214953271,0.0
TX,travis,city_of_austin,2025-08-12,56249,974,1,260,241,1735.0,15588.0,0.0,0.0,2.0,2025-08-12 08:04:41.504,0.0,43.0,0.0,0.0,0.0,16.0,0.01731586339312699,54990.0
TX,travis,city_of_lago_vista,2025-08-12,1684,1292,0,380,38,2.0,12.0,4.0,0.0,3.0,2025-08-12 08:04:41.504,2.0,74.0,0.0,0.0,0.0,2.0,0.7672209026128266,278.0
TX,wood,_,2025-08-12,944,722,0,264,111,0.0,1.0,0.0,0.0,0.0,2025-08-12 08:04:41.504,7.0,84.0,14.0,0.0,0.0,1.0,0.7648305084745762,6.0
UT,emery,_,2025-08-12,274,229,0,90,65,0.0,0.0,0.0,0.0,0.0,2025-08-12 08:04:41.504,1.0,26.0,1.0,0.0,0.0,0.0,0.8357664233576643,0.0
UT,iron,_,2025-08-12,5007,0,0,0,0,0.0,0.0,0.0,0.0,0.0,2025-08-12 08:04:41.504,,,,,,,0.0,5007.0
UT,kane,_,2025-08-12,4194,3801,0,1109,719,2.0,1.0,0.0,0.0,5.0,2025-08-12 08:04:41.504,70.0,68.0,51.0,0.0,1.0,3.0,0.9062947067238912,0.0
UT,salt_lake,city_of_cottonwood_heights,2025-08-12,1618,996,0,366,72,14.0,7.0,0.0,0.0,0.0,2025-08-12 08:04:41.504,0.0,94.0,0.0,0.0,0.0,0.0,0.61557478368356,456.0
UT,salt_lake,city_of_salt_lake_city,2025-08-12,9253,8330,0,2549,493,2.0,8.0,0.0,0.0,0.0,2025-08-12 08:04:41.504,87.0,107.0,638.0,3.0,0.0,0.0,0.9002485680319896,0.0
UT,salt_lake,city_of_sandy,2025-08-12,2382,1580,1,644,126,2.0,1.0,0.0,0.0,32.0,2025-08-12 08:04:41.504,2.0,107.0,0.0,0.0,5.0,0.0,0.6633081444164568,566.0
UT,summit,_,2025-08-12,34378,10176,0,1795,4160,5566.0,0.0,0.0,0.0,0.0,2025-08-12 08:04:41.504,6.0,140.0,0.0,0.0,0.0,2.0,0.2960032578974926,19896.0
UT,uintah,_,2025-08-12,405,335,0,167,133,0.0,0.0,0.0,0.0,0.0,2025-08-12 08:04:41.504,4.0,10.0,16.0,6.0,0.0,0.0,0.8271604938271605,0.0
UT,utah,city_of_provo,2025-08-12,1568,84,0,53,0,5.0,22.0,0.0,0.0,0.0,2025-08-12 08:04:41.504,0.0,0.0,0.0,0.0,0.0,0.0,0.05357142857142857,1484.0
UT,washington,city_of_hurricane,2025-08-12,4136,3794,0,1073,621,4.0,1.0,0.0,0.0,19.0,2025-08-12 08:04:41.504,46.0,173.0,56.0,0.0,0.0,4.0,0.9173114119922631,0.0
UT,washington,city_of_la_verkin,2025-08-12,735,670,0,201,78,0.0,0.0,0.0,0.0,5.0,2025-08-12 08:04:41.504,1.0,7.0,0.0,0.0,0.0,0.0,0.9115646258503401,0.0
VA,franklin,_,2025-08-12,1126,56,0,33,0,11.0,0.0,16.0,0.0,8.0,2025-08-12 08:04:41.504,0.0,11.0,0.0,0.0,0.0,0.0,0.0497335701598579,1059.0
VA,hampton,city_of_hampton,2025-08-12,1804,128,0,51,1,6.0,0.0,0.0,0.0,0.0,2025-08-12 08:04:41.504,0.0,0.0,0.0,0.0,0.0,0.0,0.07095343680709534,1675.0
VA,henrico,_,2025-08-12,2685,49,0,23,0,8.0,0.0,1.0,0.0,1.0,2025-08-12 08:04:41.504,0.0,2.0,0.0,0.0,0.0,0.0,0.01824953445065177,2634.0
VA,norfolk,city_of_norfolk,2025-08-12,5246,3090,0,686,169,5.0,0.0,4.0,0.0,23.0,2025-08-12 08:04:41.504,0.0,215.0,1.0,0.0,0.0,0.0,0.5890202058711399,1771.0
VA,northampton,town_of_cape_charles,2025-08-12,911,719,0,287,4,12.0,0.0,0.0,0.0,0.0,2025-08-12 08:04:41.504,1.0,14.0,0.0,0.0,0.0,0.0,0.7892425905598244,173.0
VT,bennington...town_of_dorset,_,2025-08-12,275,204,0,93,9,0.0,0.0,0.0,0.0,10.0,2025-08-12 08:04:41.504,0.0,0.0,0.0,0.0,0.0,0.0,0.7418181818181818,62.0
VT,bennington...town_of_winhall,_,2025-08-12,1023,63,0,22,0,0.0,0.0,0.0,0.0,0.0,2025-08-12 08:04:41.504,0.0,0.0,0.0,0.0,0.0,0.0,0.06158357771260997,960.0
VT,chittenden,city_of_south_burlington,2025-08-12,466,420,0,255,47,0.0,0.0,0.0,0.0,0.0,2025-08-12 08:04:41.504,5.0,13.0,19.0,5.0,0.0,0.0,0.9012875536480687,0.0
VT,lamoille...town_of_stowe,_,2025-08-12,4063,3346,1,935,1139,1.0,0.0,0.0,0.0,2.0,2025-08-12 08:04:41.504,14.0,160.0,113.0,1.0,0.0,5.0,0.8235294117647058,0.0
VT,windham...town_of_dover,_,2025-08-12,2117,1556,0,580,243,0.0,0.0,0.0,0.0,34.0,2025-08-12 08:04:41.504,2.0,96.0,173.0,0.0,0.0,0.0,0.7350023618327822,47.0
VT,windham...town_of_londonderry,_,2025-08-12,499,402,0,174,15,0.0,0.0,0.0,0.0,8.0,2025-08-12 08:04:41.504,3.0,35.0,6.0,0.0,0.0,0.0,0.8056112224448898,38.0
VT,windsor...town_of_chester,_,2025-08-12,309,304,0,123,48,0.0,0.0,0.0,0.0,53.0,2025-08-12 08:04:41.504,0.0,1.0,3.0,0.0,0.0,0.0,0.9838187702265372,0.0
VT,windsor...town_of_plymouth,_,2025-08-12,433,335,0,113,25,0.0,0.0,0.0,0.0,9.0,2025-08-12 08:04:41.504,2.0,15.0,0.0,0.0,0.0,0.0,0.7736720554272517,56.0
VT,windsor...town_of_west_windsor,_,2025-08-12,165,134,0,43,51,0.0,0.0,0.0,0.0,0.0,2025-08-12 08:04:41.504,0.0,10.0,0.0,0.0,0.0,1.0,0.8121212121212121,0.0
VT,windsor...town_of_woodstock,_,2025-08-12,341,239,0,97,87,0.0,0.0,0.0,0.0,6.0,2025-08-12 08:04:41.504,0.0,15.0,0.0,0.0,0.0,0.0,0.7008797653958945,0.0
WA,chelan,_,2025-08-12,7904,7529,0,1923,2199,3.0,2.0,18.0,0.0,23.0,2025-08-12 08:04:41.504,120.0,60.0,135.0,13.0,0.0,8.0,0.9525556680161943,0.0
WA,chelan,city_of_leavenworth,2025-08-12,1248,1178,0,284,595,1.0,0.0,0.0,0.0,0.0,2025-08-12 08:04:41.504,0.0,3.0,0.0,0.0,0.0,0.0,0.9439102564102564,0.0
WA,clallam,city_of_port_angeles,2025-08-12,1066,750,0,273,203,9.0,3.0,0.0,0.0,0.0,2025-08-12 08:04:41.504,0.0,16.0,0.0,0.0,0.0,0.0,0.7035647279549718,97.0
WA,king,city_of_kirkland,2025-08-12,1573,778,0,356,26,1.0,0.0,0.0,0.0,0.0,2025-08-12 08:04:41.504,1.0,84.0,0.0,0.0,0.0,2.0,0.494596312778131,684.0
WA,king,city_of_seattle,2025-08-12,27776,13888,37,4342,946,296.0,8.0,378.0,0.0,1279.0,2025-08-12 08:04:41.504,7.0,600.0,2.0,0.0,2.0,10.0,0.5,12296.0
WA,kitsap,city_of_bainbridge_island,2025-08-12,785,726,0,373,43,0.0,0.0,0.0,0.0,25.0,2025-08-12 08:04:41.504,17.0,5.0,25.0,4.0,0.0,0.0,0.9248407643312102,0.0
WA,lewis,_,2025-08-12,2120,74,0,23,38,11.0,0.0,0.0,0.0,0.0,2025-08-12 08:04:41.504,0.0,0.0,0.0,0.0,1.0,0.0,0.03490566037735849,2008.0
WA,okanogan,_,2025-08-12,1487,10,0,8,0,6.0,0.0,0.0,0.0,0.0,2025-08-12 08:04:41.504,0.0,0.0,0.0,0.0,0.0,0.0,0.006724949562878279,1477.0
WA,pacific,city_of_long_beach,2025-08-12,1037,48,0,8,0,3.0,0.0,0.0,0.0,0.0,2025-08-12 08:04:41.504,0.0,3.0,0.0,0.0,0.0,0.0,0.04628736740597879,986.0
WA,walla_walla,city_of_college_place,2025-08-12,190,177,0,82,2,0.0,0.0,0.0,0.0,0.0,2025-08-12 08:04:41.504,0.0,7.0,1.0,5.0,0.0,0.0,0.9315789473684211,0.0
WI,ashland...town_of_la_pointe,_,2025-08-12,197,175,0,95,2,0.0,0.0,1.0,0.0,5.0,2025-08-12 08:04:41.504,1.0,9.0,1.0,0.0,0.0,0.0,0.8883248730964467,9.0
WI,burnett,_,2025-08-12,643,538,0,297,54,1.0,0.0,0.0,0.0,1.0,2025-08-12 08:04:41.504,2.0,66.0,9.0,0.0,0.0,0.0,0.8367029548989113,0.0
WI,walworth,city_of_lake_geneva,2025-08-12,630,498,0,177,64,0.0,0.0,0.0,0.0,3.0,2025-08-12 08:04:41.504,0.0,42.0,1.0,0.0,0.0,0.0,0.7904761904761904,25.0
WY,park,city_of_cody,2025-08-12,739,708,0,260,188,0.0,0.0,0.0,0.0,18.0,2025-08-12 08:04:41.504,15.0,3.0,10.0,1.0,0.0,0.0,0.9580514208389715,0.0
WY,sheridan,city_of_sheridan,2025-08-12,461,10,0,10,1,6.0,0.0,0.0,0.0,0.0,2025-08-12 08:04:41.504,0.0,0.0,0.0,0.0,0.0,0.0,0.021691973969631236,450.0
